Device Model,Device Name,Device Type,Carrier
E123D-T10JDEGASDASDASDT123,All-Share Cast Hub,Other,Other
EK-GC100ZW123123TT,Alpha Camera,Other,AT&T
EK-GC110ZK123X123R,Alpha Camera,Other,Other
EK-GC110ZW123X123R,Alpha Camera,Other,Other
EK-GC120BK123VZW,Alpha Camera,Other,VERIZON
EK-GC120ZW123VZW,Alpha Camera,Other,VERIZON
EO-123G900BBEASDASDASDT123,Omega Over,Other,Other
EO-123G900BWEASDASDASDT123,Omega Over,Other,Other
EO-IG900BBEASDASDASDT123,Omega In,Other,Other
EO-IG900BWEASDASDASDT123,Omega In,Other,Other
EO-OG900BBEASDASDASDT123,Omega On,Other,Other
EO-OG900BWEASDASDASDT123,Omega On,Other,Other
EO-ASDASDASDB330JBEASDASDASDT123,Omega Bluetooth Speaker,Other,Other
EO-ASDASDASDB330JWEASDASDASDT123,Omega Bluetooth Speaker,Other,Other
F-GT-P3113ZWYX,Alpha Tablet 2 7.0,Tablet,Other
F-GT-P5113TASDASDASDASDASDASDX,Alpha Tablet 2 7.0,Tablet,Other
GT-B9150123KY123TT,HomeSync,Other,AT&T
GT-B9150ZKY123TT,HomeSync,Other,AT&T
GT-B9150ZKYX123R,HomeSync,Other,Other
GT-I9020FASDASDASD123123TT,Other Smartphone,Phone,AT&T
GT-I9020FASDASDASDTTMB,Other Smartphone,Phone,T-MOBILE
GT-I9020FASDASDASDYTMB,Other Smartphone,Phone,T-MOBILE
GT-I9020FASDASDASDZ123TT,Other Smartphone,Phone,AT&T
GT-I9020FASDASDASDZTMB,Other Smartphone,Phone,T-MOBILE
GT-I9020PW123123TT,Other Smartphone,Phone,AT&T
GT-I9100LKMBMC,Alpha S II,Phone,Other
GT-I9250TASDASDASDGGEN,Alpha Theta,Phone,OPEN/GENERIC GSM
GT-I9250TASDASDASDMBMC,Other Smartphone,Phone,Other
GT-I9250TASDASDASDRRWC,Alpha Theta,Phone,Other
GT-I9505ZK123DBT,Alpha X 123,Phone,Other
GT-I9505ZWGX123R,Alpha X 123,Phone,Other
GT-N5110NKYX123R,Alpha Beta 8.0,Tablet,Other
GT-N5110ZW123X123C,Alpha Beta 8.0,Tablet,Other
GT-N5110ZWBX123R,Alpha Beta 8.0,Tablet,Other
GT-N5110ZWMX123R,Alpha Beta 8.0,Tablet,Other
GT-N5110ZWRX123R,Alpha Beta 8.0,Tablet,Other
GT-N5110ZWASDASDASDX123R,Alpha Beta 8.0,Tablet,Other
GT-N5110ZWYX123R,Alpha Beta 8.0,Tablet,Other
GT-N8010,Alpha Beta 10.1,Tablet,Other
GT-N8010E123EX123C,Alpha Beta 10.1,Tablet,Other
GT-N8010E123XTCE,Alpha Beta 10.1,Tablet,Other
GT-N8010ZWXTCE,Alpha Beta 10.1,Tablet,Other
GT-N8013E123123X123R,Alpha Beta 10.1,Tablet,Other
GT-N8013E123RX123R,Alpha Beta 10.1,Tablet,Other
GT-N8013E123VX123R,Alpha Beta 10.1,Tablet,Other
GT-N8013E123YX123R,Alpha Beta 10.1,Tablet,Other
GT-N8013ZWYX123R,Alpha Beta 10.1,Tablet,Other
GT-P1010CW123X123R,Alpha Tablet,Tablet,Other
GT-P1010CWLTCE,Alpha Tablet,Tablet,Other
GT-P1010NASDASDASD123BBY,Alpha Tablet,Tablet,Other
GT-P3110TASDASDASDLTCE,Alpha Tablet,Tablet,Other
GT-P3110TASDASDASDMTCE,Alpha Tablet,Tablet,Other
GT-P3110ZWLTCE,Alpha Tablet,Tablet,Other
GT-P3113,Alpha Tablet 2,Tablet,Other
GT-P3113GRASDASDASDX123R,Alpha Tablet 2 7.0,Tablet,Other
GT-P3113GRYX123R,Alpha Tablet 2 7.0,Tablet,Other
GT-P3113TASDASDASD123X123C,Alpha Tablet 2 7.0,Tablet,Other
GT-P3113TASDASDASD123X123R,Alpha Tablet 2 7.0,Tablet,Other
GT-P3113TASDASDASDRX123R,Alpha Tablet 2 7.0,Tablet,Other
GT-P3113TASDASDASDASDASDASDX123R,Alpha Tablet 2 7.0,Tablet,Other
GT-P3113TASDASDASDYX123R,Alpha Tablet 2 7.0,Tablet,Other
GT-P3113ZWYX123R,Alpha Tablet 2 7.0,Tablet,Other
GT-P5110TASDASDASDMTCE,Alpha Tablet 2 10.1,Tablet,Other
GT-P5113,Alpha Tablet 2,Tablet,Other
GT-P5113TASDASDASD123X123C,Alpha Tablet 2 10.1,Tablet,Other
GT-P5113TASDASDASD123X123R,Alpha Tablet 2 10.1,Tablet,Other
GT-P5113TASDASDASDRX123R,Alpha Tablet 2 10.1,Tablet,Other
GT-P5113TASDASDASDASDASDASDX123R,Alpha Tablet 2 10.1,Tablet,Other
GT-P5113TASDASDASDYX123R,Alpha Tablet 2 10.1,Tablet,Other
GT-P5113ZWYX123R,Alpha Tablet 2 10.1 Student Edition,Tablet,Other
GT-P5210GNYX123R,Alpha Tablet 3 10.1,Tablet,Other
GT-P5210ZWBX123R,Alpha Tablet 3 10.1,Tablet,Other
GT-P5210ZWRX123R,Alpha Tablet 3 10.1,Tablet,Other
GT-P5210ZWASDASDASDX123R,Alpha Tablet 3 10.1,Tablet,Other
GT-P5210ZWUX123R,Alpha Tablet 3 10.1,Tablet,Other
GT-P5210ZWYX123C,Alpha Tablet 3 10.1,Tablet,Other
GT-P5210ZWYX123R,Alpha Tablet 3 10.1,Tablet,Other
GT-P6210M123123X123R,Alpha Tablet,Tablet,Other
GT-P6210M123EX123R,Alpha Tablet,Tablet,Other
GT-P6210M123RX123R,Alpha Tablet,Tablet,Other
GT-P6210M123VX123R,Alpha Tablet,Tablet,Other
GT-P6210M123YX123R,Alpha Tablet,Tablet,Other
GT-P6810LASDASDASD123X123R,Alpha Tablet 7.7,Tablet,Other
GT-PASD310FKVX123R,Alpha Tablet 8.9,Tablet,Other
GT-PASD310FKYX123R,Alpha Tablet 8.9,Tablet,Other
GT-PASD310M123123X123R,Alpha Tablet 8.9,Tablet,Other
GT-PASD310M123EX123R,Alpha Tablet 8.9,Tablet,Other
GT-PASD310M123VX123R,Alpha Tablet 8.9,Tablet,Other
GT-PASD310M123YX123R,Alpha Tablet 8.9,Tablet,Other
GT-PASD310UW123X123R,Alpha Tablet 8.9,Tablet,Other
GT-PASD310UWEX123R,Alpha Tablet 8.9,Tablet,Other
GT-PASD310UWVX123R,Alpha Tablet 8.9,Tablet,Other
GT-PASD310UWYX123R,Alpha Tablet 8.9,Tablet,Other
GT-PASD510FK123ASDASDASDPR,Alpha Tablet 10.1,Tablet,SPRINT
GT-PASD510FK123VZW,Alpha Tablet 10.1,Tablet,VERIZON
GT-PASD510FK123X123R,Alpha Tablet 10.1,Tablet,Other
GT-PASD510FKBX123R,Alpha Tablet 10.1,Tablet,Other
GT-PASD510FKDASDASDASDPR,Alpha Tablet 10.1,Tablet,SPRINT
GT-PASD510FKDVZW,Alpha Tablet 10.1,Tablet,VERIZON
GT-PASD510FKDX123R,Alpha Tablet 10.1,Tablet,Other
GT-PASD510FKASDASDASDX123R,Alpha Tablet 10.1,Tablet,Other
GT-PASD510FKVX123R,Alpha Tablet 10.1,Tablet,Other
GT-PASD510FKYX123R,Alpha Tablet 10.1,Tablet,Other
GT-PASD510M123123X123B,Alpha Tablet 10.1,Tablet,Other
GT-PASD510M123123X123R,Alpha Tablet 10.1,Tablet,Other
GT-PASD510M123D123123123,Alpha Tablet 10.1,Tablet,Other
GT-PASD510M123DASDASDASDPR,Alpha Tablet 10.1,Tablet,SPRINT
GT-PASD510M123DVZW,Alpha Tablet 10.1,Tablet,VERIZON
GT-PASD510M123DX123B,Alpha Tablet 10.1,Tablet,Other
GT-PASD510M123DX123R,Alpha Tablet 10.1,Tablet,Other
GT-PASD510M123EX123B,Alpha Tablet 10.1,Tablet,Other
GT-PASD510M123ASDASDASDX123B,Alpha Tablet 10.1,Tablet,Other
GT-PASD510M123VX123B,Alpha Tablet 10.1,Tablet,Other
GT-PASD510M123VX123R,Alpha Tablet 10.1,Tablet,Other
GT-PASD510M123YX123B,Alpha Tablet 10.1,Tablet,Other
GT-PASD510M123YX123R,Alpha Tablet 10.1,Tablet,Other
GT-PASD510UW123ASDASDASDPR,Alpha Tablet 10.1,Tablet,SPRINT
GT-PASD510UW123VZW,Alpha Tablet 10.1,Tablet,VERIZON
GT-PASD510UW123X123B,Alpha Tablet 10.1,Tablet,Other
GT-PASD510UW123X123R,Alpha Tablet 10.1,Tablet,Other
GT-PASD510UWBX123R,Alpha Tablet 10.1,Tablet,Other
GT-PASD510UWDASDASDASDPR,Alpha Tablet 10.1,Tablet,SPRINT
GT-PASD510UWDVZW,Alpha Tablet 10.1,Tablet,VERIZON
GT-PASD510UWDX123B,Alpha Tablet 10.1,Tablet,Other
GT-PASD510UWDX123R,Alpha Tablet 10.1,Tablet,Other
GT-PASD510UWEX123B,Alpha Tablet 10.1,Tablet,Other
GT-PASD510UWFX123R,Alpha Tablet 10.1,Tablet,Other
GT-PASD510UWGX123R,Alpha Tablet 10.1,Tablet,Other
GT-PASD510UWLTCE,Alpha Tablet 10.1,Tablet,Other
GT-PASD510UWASDASDASDX123B,Alpha Tablet 10.1,Tablet,Other
GT-PASD510UWASDASDASDX123R,Alpha Tablet 10.1,Tablet,Other
GT-PASD510UWVX123B,Alpha Tablet 10.1,Tablet,Other
GT-PASD510UWVX123R,Alpha Tablet 10.1,Tablet,Other
GT-PASD510UWYX123B,Alpha Tablet 10.1,Tablet,Other
GT-PASD510UWYX123R,Alpha Tablet 10.1,Tablet,Other
GT-PASD510ZK123X123R,Alpha Tablet 10.1,Tablet,Other
GT-PASD510ZKDASDASDASDPR,Alpha Tablet 10.1,Tablet,SPRINT
GT-PASD510ZKDX123R,Alpha Tablet 10.1,Tablet,Other
GT-PASD510ZKVX123R,Alpha Tablet 10.1,Tablet,Other
GT-PASD510ZKYX123R,Alpha Tablet 10.1,Tablet,Other
GT-P8110H123123X123R,Google Theta 10,Tablet,Other
GT-P8110H123EX123R,Google Theta 10,Tablet,Other
GT-P8110H123VX123R,Google Theta 10,Tablet,Other
GT-P8510MASDASDASDVX123R,ATIV 10.1,Tablet,Other
GT-ASDASDASDASD560UWMBMC,Alpha Ace II,Phone,Other
GT-ASDASDASDASD560ZKMBMC,Alpha Ace II,Phone,Other
OCH-iQWE00ZK123VZW,Other Smartphone,Phone,VERIZON
OCH-iQWE00ZKASDASDASDVZW,Other Smartphone,Phone,VERIZON
OCH-I500RK123VZW,Other Smartphone,Phone,VERIZON
OCH-I500RKASDASDASDVZW,Other Smartphone,Phone,VERIZON
OCH-I510R123123VZW,Other Smartphone,Phone,VERIZON
OCH-I800BK123VZW,Alpha Tablet,Tablet,VERIZON
OCH-I800NASDASDASD123UASDASDASDC,Alpha Tablet,Tablet,US CELLULAR
OGH-T959H123123TMB,Alpha X 123G,Phone,T-MOBILE
OG-I9020FASDASDASDETMB,Other Smartphone,Phone,T-MOBILE
OG-I9020FASDASDASDTTMB,Other Smartphone,Phone,T-MOBILE
OG-P1010CW123X123R,Alpha Tablet,Tablet,Other
OG-PASD510M123VX123R,Alpha Tablet 10.1,Tablet,Other
OPH-DASD00ZKMASDASDASDPR,Other Smartphone,Phone,SPRINT
OPH-DASD20ZK123ASDASDASDPR,Other Smartphone,Phone,SPRINT
ASDASDASDCH2R390ZK123X123R,Other Smartphone,Phone,Other
ASDASDASDCH-2RASD60IB123X123R,Alpha S II,Phone,Other
ASDASDASDCH-2RASD60ZW123X123R,Alpha S II,Phone,Other
ASDASDASDCH-123530ASDASDASD123VX123R,Feature Phone,Phone,Other
ASDASDASDCH-1236QWE5BASDASDASD123VZW,Feature Phone,Phone,VERIZON
ASDASDASDCH-1238ASD0MB123VZW,Feature Phone,Phone,VERIZON
ASDASDASDCH-1238ASD0MASDASDASD123VZW,Feature Phone,Phone,VERIZON
ASDASDASDCH-1238ASD0MASDASDASDCVZW,Feature Phone,Phone,VERIZON
ASDASDASDCH-1238ASD0MASDASDASDPVZW,Feature Phone,Phone,VERIZON
ASDASDASDCH-1238ASD0PW123VZW,Feature Phone,Phone,VERIZON
ASDASDASDCH-1238ASD0ZR123CRI,Feature Phone,Phone,CRICKET
ASDASDASDCH-123930MR123VZW,Feature Phone,Phone,VERIZON
ASDASDASDCH-123930ZK123VZW,Feature Phone,Phone,VERIZON
ASDASDASDCH-123990ZK123VZW,Feature Phone,Phone,VERIZON
ASDASDASDCH-I100ZK123UASDASDASDC,Other Smartphone,Phone,US CELLULAR
ASDASDASDCH-I100ZK123VZW,Other Smartphone,Phone,VERIZON
ASDASDASDCH-I100ZKLVZW,Other Smartphone,Phone,VERIZON
ASDASDASDCH-I100ZKOVZW,Other Smartphone,Phone,VERIZON
ASDASDASDCH-I100ZKASDASDASDVZW,Other Smartphone,Phone,VERIZON
ASDASDASDCH-I100ZKTUASDASDASDC,Other Smartphone,Phone,US CELLULAR
ASDASDASDCH-I100ZKZVZW,Other Smartphone,Phone,VERIZON
ASDASDASDCH-I110NASDASDASDPVZW,Other Smartphone,Phone,VERIZON
ASDASDASDCH-I110ZK123VZW,Other Smartphone,Phone,VERIZON
ASDASDASDCH-I110ZKOVZW,Other Smartphone,Phone,VERIZON
ASDASDASDCH-I110ZKPVZW,Other Smartphone,Phone,VERIZON
ASDASDASDCH-I110ZWPVZW,Other Smartphone,Phone,VERIZON
ASDASDASDCH-I200ZK123VZW,Alpha Stellar,Phone,VERIZON
ASDASDASDCH-I200ZKLVZW,Alpha Legend,Phone,VERIZON
ASDASDASDCH-I200ZKPVZW,Alpha Legend,Phone,VERIZON
ASDASDASDCH-I220ZASDASDASD123UASDASDASDC,Other Smartphone,Phone,US CELLULAR
ASDASDASDCH-I225MG123UASDASDASDC,Other Smartphone,Phone,US CELLULAR
ASDASDASDCH-IQWE00ZK123VZW,Alpha Continuum,Phone,VERIZON
ASDASDASDCH-IQWE00ZKLVZW,Alpha Continuum,Phone,VERIZON
ASDASDASDCH-IQWE00ZKOVZW,Alpha Continuum,Phone,VERIZON
ASDASDASDCH-IQWE00ZKASDASDASDVZW,Alpha Continuum,Phone,VERIZON
ASDASDASDCH-IQWE00ZKZVZW,Alpha Continuum,Phone,VERIZON
ASDASDASDCH-IQWE05B123123UASDASDASDC,Alpha Metrix,Phone,US CELLULAR
ASDASDASDCH-IQWE05LK123VZW,Alpha Stratosphere,Phone,VERIZON
ASDASDASDCH-IQWE05LKLVZW,Alpha Stratosphere,Phone,VERIZON
ASDASDASDCH-IQWE05LKOVZW,Alpha Stratosphere,Phone,VERIZON
ASDASDASDCH-IQWE05ZWBVZW,Alpha Stratosphere,Phone,VERIZON
ASDASDASDCH-IQWE15ASDASDASD123123VZW,Alpha Stratosphere II  ,Phone,VERIZON
ASDASDASDCH-IQWE15ASDASDASD123LVZW,Alpha Stratosphere,Phone,VERIZON
ASDASDASDCH-IQWE15ASDASDASD123OVZW,Alpha Stratosphere,Phone,VERIZON
ASDASDASDCH-IQWE15ASDASDASD123ZVZW,Alpha Stratosphere,Phone,VERIZON
ASDASDASDCH-IQWE25MB123VZW,Other Smartphone,Phone,VERIZON
ASDASDASDCH-IQWE35ZK123VZW,Alpha X 123 Mini,Phone,VERIZON
ASDASDASDCH-IQWE35ZK123X123R,Alpha S4 Mini,Phone,Other
ASDASDASDCH-I500RK123REL,Alpha Showcase,Phone,Other
ASDASDASDCH-I500RK123UASDASDASDC,Alpha Mesmerize,Phone,US CELLULAR
ASDASDASDCH-I500RK123VZW,Alpha S Fascinate,Phone,VERIZON
ASDASDASDCH-I500RK123X123R,Alpha Showcase,Phone,Other
ASDASDASDCH-I500RKBX123R,Alpha Showcase,Phone,Other
ASDASDASDCH-I500RKLVZW,Alpha S Fascinate,Phone,VERIZON
ASDASDASDCH-I500RKOVZW,Alpha S Fascinate,Phone,VERIZON
ASDASDASDCH-I500RKASDASDASDVZW,Alpha S Fascinate,Phone,VERIZON
ASDASDASDCH-I500RKTUASDASDASDC,Alpha Mesmerize,Phone,US CELLULAR
ASDASDASDCH-I500RKXUASDASDASDC,Alpha Mesmerize,Phone,US CELLULAR
ASDASDASDCH-I500RKZVZW,Alpha S Fascinate,Phone,VERIZON
ASDASDASDCH-I500ZWBVZW,Alpha S Fascinate,Phone,VERIZON
ASDASDASDCH-I510R123123VZW,Other Smartphone,Phone,VERIZON
ASDASDASDCH-I510R123LVZW,Other Smartphone,Phone,VERIZON
ASDASDASDCH-I510R123OVZW,Other Smartphone,Phone,VERIZON
ASDASDASDCH-I510R123ASDASDASDVZW,Other Smartphone,Phone,VERIZON
ASDASDASDCH-I510R123ZVZW,Other Smartphone,Phone,VERIZON
ASDASDASDCH-I515MASDASDASD123VZW,Alpha Theta,Phone,VERIZON
ASDASDASDCH-I515MASDASDASDLVZW,Alpha Theta,Phone,VERIZON
ASDASDASDCH-I515MASDASDASDOVZW,Alpha Theta,Phone,VERIZON
ASDASDASDCH-I515ZASDASDASD123VZW,Alpha Theta,Phone,VERIZON
ASDASDASDCH-I515ZASDASDASDLVZW,Alpha Theta,Phone,VERIZON
ASDASDASDCH-I515ZW123VZW,Alpha Theta,Phone,VERIZON
ASDASDASDCH-I520R123123VZW,Other Smartphone,Phone,VERIZON
ASDASDASDCH-I520R123OVZW,Other Smartphone,Phone,VERIZON
ASDASDASDCH-I535MB123VZW,Alpha S III,Phone,VERIZON
ASDASDASDCH-I535MBBVZW,Alpha S III,Phone,VERIZON
ASDASDASDCH-I535MBCVZW,Alpha S III,Phone,VERIZON
ASDASDASDCH-I535MBDVZW,Alpha S III,Phone,VERIZON
ASDASDASDCH-I535MBLVZW,Alpha S III,Phone,VERIZON
ASDASDASDCH-I535MBOVZW,Alpha S III,Phone,VERIZON
ASDASDASDCH-I535MBPVZW,Alpha S III,Phone,VERIZON
ASDASDASDCH-I535RW123VZW,Alpha S III,Phone,VERIZON
ASDASDASDCH-I535RWBVZW,,,
ASDASDASDCH-I535RWBVZW,Alpha S III,Phone,VERIZON
ASDASDASDCH-I535RWLVZW,Alpha S III,Phone,VERIZON
ASDASDASDCH-I535RWOVZW,Alpha S III,Phone,VERIZON
ASDASDASDCH-I535ZKBVZW,Alpha S III,Phone,VERIZON
ASDASDASDCH-I535ZNBVZW,Alpha S III,Phone,VERIZON
ASDASDASDCH-I535ZNLVZW,Alpha S III,Phone,VERIZON
ASDASDASDCH-I5QWE5ZB123VZW,Alpha X 123,Phone,VERIZON
ASDASDASDCH-I5QWE5ZK123LR123,Alpha X 123,Phone,GENERIC CDMA
ASDASDASDCH-I5QWE5ZK123VZW,Alpha X 123,Phone,VERIZON
ASDASDASDCH-I5QWE5ZKBVZW,,,
ASDASDASDCH-I5QWE5ZKBVZW,Alpha X 123,Phone,VERIZON
ASDASDASDCH-I5QWE5ZKDVZW,Alpha X 123,Phone,VERIZON
ASDASDASDCH-I5QWE5ZN123VZW,Alpha X 123,Phone,VERIZON
ASDASDASDCH-I5QWE5ZW123LR123,Alpha X 123,Phone,GENERIC CDMA
ASDASDASDCH-I5QWE5ZW123VZW,Alpha X 123,Phone,VERIZON
ASDASDASDCH-I5QWE5ZWBVZW,Alpha X 123,Phone,VERIZON
ASDASDASDCH-I605MASDASDASD123VZW,Alpha Beta II,Phone,VERIZON
ASDASDASDCH-I605TASDASDASD123VZW,Alpha Beta II,Phone,VERIZON
ASDASDASDCH-I605TASDASDASDOVZW,Alpha Beta II,Phone,VERIZON
ASDASDASDCH-I605ZW123VZW,Alpha Beta II,Phone,VERIZON
ASDASDASDCH-I605ZWLVZW,Alpha Beta II,Phone,VERIZON
ASDASDASDCH-IASD05MK123VZW,Alpha Tablet 2 7.0,Tablet,VERIZON
ASDASDASDCH-IASD05MKOVZW,Alpha Tablet 2 7.0,Tablet,VERIZON
ASDASDASDCH-IASD05MKASDASDASDVZW,Alpha Tablet 2 7.0,Tablet,VERIZON
ASDASDASDCH-IASD05MKZVZW,Alpha Tablet 2 7.0,Tablet,VERIZON
ASDASDASDCH-IASD05PW123VZW,Alpha Tablet 2 7.0,Tablet,VERIZON
ASDASDASDCH-IASD05PWLVZW,Alpha Tablet 2 7.0,Tablet,VERIZON
ASDASDASDCH-IASD05PWOVZW,Alpha Tablet 2 7.0,Tablet,VERIZON
ASDASDASDCH-IASD05PWZVZW,Alpha Tablet 2 7.0,Tablet,VERIZON
ASDASDASDCH-IASD60ZK123VZW,Other Smartphone,Phone,VERIZON
ASDASDASDCH-IASD60ZKASDASDASDVZW,Other Smartphone,Phone,VERIZON
ASDASDASDCH-IASDASD0DB123VZW,Other Smartphone,Phone,VERIZON
ASDASDASDCH-IASDASD0DBLVZW,Other Smartphone,Phone,VERIZON
ASDASDASDCH-IASDASD0DBASDASDASDVZW,Other Smartphone,Phone,VERIZON
ASDASDASDCH-IASDASD0H123123VZW,Other Smartphone,Phone,VERIZON
ASDASDASDCH-IASDASD0H123LVZW,Other Smartphone,Phone,VERIZON
ASDASDASDCH-I800BK123VZW,Alpha Tablet,Tablet,VERIZON
ASDASDASDCH-I800BKLVZW,Alpha Tablet,Tablet,VERIZON
ASDASDASDCH-I800BKOVZW,Alpha Tablet,Tablet,VERIZON
ASDASDASDCH-I800BKASDASDASDVZW,Alpha Tablet,Tablet,VERIZON
ASDASDASDCH-I800BKZVZW,Alpha Tablet,Tablet,VERIZON
ASDASDASDCH-I800MASDASDASD123VZW,Other Smartphone,Phone,VERIZON
ASDASDASDCH-I800MASDASDASDLVZW,Alpha Tablet 7.0   ,Tablet,VERIZON
ASDASDASDCH-I800MASDASDASDOVZW,Alpha Tablet 7.0   ,Tablet,VERIZON
ASDASDASDCH-I800NASDASDASD123UASDASDASDC,Alpha Tablet,Tablet,US CELLULAR
ASDASDASDCH-I815LASDASDASD123VZW,Alpha Tablet 7.7,Tablet,VERIZON
ASDASDASDCH-I815LASDASDASDOVZW,Alpha Tablet 7.7,Tablet,VERIZON
ASDASDASDCH-I815LASDASDASDASDASDASDVZW,Alpha Tablet 7.7,Tablet,VERIZON
ASDASDASDCH-I815MASDASDASD123VZW,Alpha Tablet 7.7,Tablet,VERIZON
ASDASDASDCH-I905EK123VZW,Alpha Tablet 10.1,Tablet,VERIZON
ASDASDASDCH-I905EKLVZW,Alpha Tablet 10.1,Tablet,VERIZON
ASDASDASDCH-I905MASDASDASD123VZW,Alpha Tablet 10.1,Tablet,VERIZON
ASDASDASDCH-I905MASDASDASDASDASDASDVZW,Alpha Tablet 10.1,Tablet,VERIZON
ASDASDASDCH-I905MASDASDASDZVZW,Alpha Tablet 10.1,Tablet,VERIZON
ASDASDASDCH-I905UK123VZW,Alpha Tablet 10.1,Tablet,VERIZON
ASDASDASDCH-I905UW123VZW,Alpha Tablet 10.1,Tablet,VERIZON
ASDASDASDCH-I905ZK123UASDASDASDC,Alpha Tablet 10.1,Tablet,US CELLULAR
ASDASDASDCH-I905ZK123VZW,Alpha Tablet 10.1,Tablet,VERIZON
ASDASDASDCH-I905ZW123VZW,Alpha Tablet 10.1,Tablet,VERIZON
ASDASDASDCH-I905ZWASDASDASDVZW,Alpha Tablet 10.1,Tablet,VERIZON
ASDASDASDCH-I905ZWZVZW,Alpha Tablet 10.1,Tablet,VERIZON
ASDASDASDCH-I910ZK123VZW,Other Smartphone,Phone,VERIZON
ASDASDASDCH-I910ZKLVZW,Other Smartphone,Phone,VERIZON
ASDASDASDCH-I910ZKASDASDASDVZW,Other Smartphone,Phone,VERIZON
ASDASDASDCH-I915ASDASDASD123123VZW,Alpha Tablet 2 10.1,Tablet,VERIZON
ASDASDASDCH-I915TASDASDASD123VZW,Alpha Tablet 2 10.1,Tablet,VERIZON
ASDASDASDCH-I915TASDASDASDLVZW,Alpha Tablet 2 10.1,Tablet,VERIZON
ASDASDASDCH-I915TASDASDASDOVZW,Alpha Tablet 2 10.1,Tablet,VERIZON
ASDASDASDCH-I915TASDASDASDASDASDASDVZW,Alpha Tablet 2 10.1,Tablet,VERIZON
ASDASDASDCH-I920D123123VZW,Other Smartphone,Phone,VERIZON
ASDASDASDCH-I920D123LVZW,Other Smartphone,Phone,VERIZON
ASDASDASDCH-I920D123OVZW,Other Smartphone,Phone,VERIZON
ASDASDASDCH-I920D123ASDASDASDVZW,Other Smartphone,Phone,VERIZON
ASDASDASDCH-I925E123123UASDASDASDC,Alpha Beta 10.1,Tablet,US CELLULAR
ASDASDASDCH-I925E123123VZW,Alpha Beta 10.1,Tablet,VERIZON
ASDASDASDCH-I925ZW123VZW,Alpha Tablet 10.1,Tablet,VERIZON
ASDASDASDCH-I930MASDASDASD123VZW,Other Smartphone,Phone,VERIZON
ASDASDASDCH-LASD10MBBX123R,Alpha S III,Phone,Other
ASDASDASDCH-LASD10RWBX123R,Alpha S III,Phone,Other
ASDASDASDCH-M828C123123TFN,Alpha Precedent,Phone,TRACFONE
ASDASDASDCH-R100DB123MTR,Feature Phone,Phone,METRO PCS
ASDASDASDCH-R100ZASDASDASD123CRI,Feature Phone,Phone,CRICKET
ASDASDASDCH-R100ZASDASDASD123DYN,Feature Phone,Phone,GREAT CALL
ASDASDASDCH-R100ZASDASDASDBCRI,Feature Phone,Phone,CRICKET
ASDASDASDCH-R100ZASDASDASDXCRI,Feature Phone,Phone,CRICKET
ASDASDASDCH-R210LASDASDASD123CRI,Feature Phone,Phone,CRICKET
ASDASDASDCH-R210LASDASDASD123UASDASDASDC,Feature Phone,Phone,US CELLULAR
ASDASDASDCH-R211ZK123CRI,Feature Phone,Phone,CRICKET
ASDASDASDCH-R211ZKBCRI,Feature Phone,Phone,CRICKET
ASDASDASDCH-R220ZR123DYN,Feature Phone,Phone,GREAT CALL
ASDASDASDCH-R220ZASDASDASD123DYN,Feature Phone,Phone,GREAT CALL
ASDASDASDCH-R260BASDASDASDZUASDASDASDC,Feature Phone,Phone,US CELLULAR
ASDASDASDCH-R260D123123UASDASDASDC,Feature Phone,Phone,US CELLULAR
ASDASDASDCH-R261BASDASDASD123X123R,Other Smartphone,Phone,Other
ASDASDASDCH-R261WR123X123R,Other Smartphone,Phone,Other
ASDASDASDCH-R261ZASDASDASD123CRI,Feature Phone,Phone,CRICKET
ASDASDASDCH-R261ZASDASDASDASDASDASDCRI,Feature Phone,Phone,CRICKET
ASDASDASDCH-R2ASD0KR123UASDASDASDC,Feature Phone,Phone,US CELLULAR
ASDASDASDCH-R2ASD0ZK123MTR,Feature Phone,Phone,METRO PCS
ASDASDASDCH-R2ASD0ZK123X123R,Feature Phone,Phone,Other
ASDASDASDCH-R311ZG123UASDASDASDC,Feature Phone,Phone,US CELLULAR
ASDASDASDCH-R330ZR123UASDASDASDC,Feature Phone,Phone,US CELLULAR
ASDASDASDCH-R335MASDASDASD123TFN,Feature Phone,Phone,TRACFONE
ASDASDASDCH-R350Z123123MTR,Feature Phone,Phone,METRO PCS
ASDASDASDCH-R351WR123UASDASDASDC,Feature Phone,Phone,US CELLULAR
ASDASDASDCH-R355D123123NTT,Feature Phone,Phone,Other
ASDASDASDCH-R355D123123ASDASDASDTT,Feature Phone,Phone,Other
ASDASDASDCH-R360ZK123MTR,Feature Phone,Phone,METRO PCS
ASDASDASDCH-R3ASD5ZK123TFN,Feature Phone,Phone,TRACFONE
ASDASDASDCH-R380D123123CRI,Feature Phone,Phone,CRICKET
ASDASDASDCH-R380ZK123MTR,Feature Phone,Phone,METRO PCS
ASDASDASDCH-R390ZB123UASDASDASDC,Other Smartphone,Phone,US CELLULAR
ASDASDASDCH-R390ZK123CRI,Feature Phone,Phone,CRICKET
ASDASDASDCH-R390ZK123UASDASDASDC,Feature Phone,Phone,US CELLULAR
ASDASDASDCH-R390ZKASDASDASDCRI,Feature Phone,Phone,CRICKET
ASDASDASDCH-RQWE30BASDASDASD123CRI,Feature Phone,Phone,CRICKET
ASDASDASDCH-RQWE30BASDASDASDBCRI,Feature Phone,Phone,CRICKET
ASDASDASDCH-RQWE50123G123CRI,Feature Phone,Phone,CRICKET
ASDASDASDCH-RQWE50NB123CRI,Feature Phone,Phone,CRICKET
ASDASDASDCH-RQWE50ZK123CRI,Feature Phone,Phone,CRICKET
ASDASDASDCH-RQWE50ZK123MTR,Feature Phone,Phone,METRO PCS
ASDASDASDCH-RQWE51ZKGNTT,Feature Phone,Phone,Other
ASDASDASDCH-RQWE51ZKGASDASDASDTT,Feature Phone,Phone,Other
ASDASDASDCH-RQWE51ZKGTRF,Feature Phone,Phone,Other
ASDASDASDCH-RQWE55ZK123TFN,Feature Phone,Phone,TRACFONE
ASDASDASDCH-RQWE60WR123CRI,Feature Phone,Phone,CRICKET
ASDASDASDCH-RQWEASD0NB123UASDASDASDC,Feature Phone,Phone,US CELLULAR
ASDASDASDCH-RQWEASD0ZO123UASDASDASDC,Feature Phone,Phone,US CELLULAR
ASDASDASDCH-RQWEASD0ZP123UASDASDASDC,Feature Phone,Phone,US CELLULAR
ASDASDASDCH-RQWEASD0ZR123UASDASDASDC,Feature Phone,Phone,US CELLULAR
ASDASDASDCH-RQWE80BK123CRI,Feature Phone,Phone,CRICKET
ASDASDASDCH-RQWE80BK123UASDASDASDC,Feature Phone,Phone,US CELLULAR
ASDASDASDCH-RQWE80BK123X123R,Feature Phone,Phone,Other
ASDASDASDCH-R500ZR123CRI,Feature Phone,Phone,CRICKET
ASDASDASDCH-R520LB123UASDASDASDC,Feature Phone,Phone,US CELLULAR
ASDASDASDCH-R530MBBCRI,Alpha S III,Phone,CRICKET
ASDASDASDCH-R530MBBUASDASDASDC,Alpha S III,Phone,US CELLULAR
ASDASDASDCH-R530MBBX123R,Alpha S III,Phone,Other
ASDASDASDCH-R530RW123UASDASDASDC,Alpha S III,Phone,US CELLULAR
ASDASDASDCH-R530RWBCRI,Alpha S III,Phone,CRICKET
ASDASDASDCH-R530RWBMTR,Alpha S III,Phone,METRO PCS
ASDASDASDCH-R530RWBUASDASDASDC,Alpha S III,Phone,US CELLULAR
ASDASDASDCH-R530RWBX123R,Alpha S III,Phone,Other
ASDASDASDCH-R550ZK123CRI,Feature Phone,Phone,CRICKET
ASDASDASDCH-R560D123123MTR,Feature Phone,Phone,METRO PCS
ASDASDASDCH-R560MB123CRI,Feature Phone,Phone,CRICKET
ASDASDASDCH-R560MBBCRI,Feature Phone,Phone,CRICKET
ASDASDASDCH-R560TASDASDASD123MTR,Feature Phone,Phone,METRO PCS
ASDASDASDCH-R560ZP123CRI,Feature Phone,Phone,CRICKET
ASDASDASDCH-R5ASD0ZB123MTR,Feature Phone,Phone,METRO PCS
ASDASDASDCH-R580ZK123UASDASDASDC,Feature Phone,Phone,US CELLULAR
ASDASDASDCH-R600ZB123123TL,Feature Phone,Phone,ALLTEL
ASDASDASDCH-R610ZK123CRI,Feature Phone,Phone,CRICKET
ASDASDASDCH-R630LB123UASDASDASDC,Feature Phone,Phone,US CELLULAR
ASDASDASDCH-R630ZK123UASDASDASDC,Feature Phone,Phone,US CELLULAR
ASDASDASDCH-R631DW123CRI,Feature Phone,Phone,CRICKET
ASDASDASDCH-R631ZK123CRI,Feature Phone,Phone,CRICKET
ASDASDASDCH-R6QWE0D123123UASDASDASDC,Feature Phone,Phone,US CELLULAR
ASDASDASDCH-R6QWE0LB123UASDASDASDC,Feature Phone,Phone,US CELLULAR
ASDASDASDCH-R680WR123UASDASDASDC,Other Smartphone,Phone,US CELLULAR
ASDASDASDCH-R680WR123X123R,Other Smartphone,Phone,Other
ASDASDASDCH-R680WRZUASDASDASDC,Other Smartphone,Phone,US CELLULAR
ASDASDASDCH-RASD10XK123CRI,Feature Phone,Phone,CRICKET
ASDASDASDCH-RASD10XKBCRI,Feature Phone,Phone,CRICKET
ASDASDASDCH-RASD20Z123123MTR,Other Smartphone,Phone,METRO PCS
ASDASDASDCH-RASD20Z123123X123R,Other Smartphone,Phone,Other
ASDASDASDCH-RASD20ZR123CRI,Other Smartphone,Phone,CRICKET
ASDASDASDCH-RASD20ZR123MTR,Other Smartphone,Phone,METRO PCS
ASDASDASDCH-RASD20ZR123X123R,Other Smartphone,Phone,Other
ASDASDASDCH-RASD20ZRASDASDASDCRI,Other Smartphone,Phone,CRICKET
ASDASDASDCH-RASD20ZW123MTR,Other Smartphone,Phone,METRO PCS
ASDASDASDCH-RASD30NB123CRI,Other Smartphone,Phone,CRICKET
ASDASDASDCH-RASDQWE0YB123CRI,Other Smartphone,Phone,CRICKET
ASDASDASDCH-RASD60IB123UASDASDASDC,Alpha S II,Phone,US CELLULAR
ASDASDASDCH-RASD60IB123X123R,Alpha S II,Phone,Other
ASDASDASDCH-RASD60IBLUASDASDASDC,Alpha S II,Phone,US CELLULAR
ASDASDASDCH-RASD60IBTUASDASDASDC,Alpha S II ,Phone,US CELLULAR
ASDASDASDCH-RASD60IBXUASDASDASDC,Alpha S II ,Phone,US CELLULAR
ASDASDASDCH-RASD60ZW123UASDASDASDC,Alpha S II,Phone,US CELLULAR
ASDASDASDCH-RASD60ZW123X123R,Alpha S II,Phone,Other
ASDASDASDCH-RASD60ZWLUASDASDASDC,Alpha S II,Phone,US CELLULAR
ASDASDASDCH-R800ZK123123TL,Feature Phone,Phone,ALLTEL
ASDASDASDCH-R800ZK123UASDASDASDC,Feature Phone,Phone,US CELLULAR
ASDASDASDCH-R810ZK123MTR,Feature Phone,Phone,METRO PCS
ASDASDASDCH-R810ZK123ASDASDASDTT,Feature Phone,Phone,Other
ASDASDASDCH-R820H123123MTR,Alpha Admire 4G ,Phone,METRO PCS
ASDASDASDCH-R820ZW123MTR,Other Smartphone,Phone,METRO PCS
ASDASDASDCH-R830ZASDASDASD123CRI,Other Smartphone,Phone,CRICKET
ASDASDASDCH-R830ZASDASDASD123UASDASDASDC,Other Smartphone,Phone,US CELLULAR
ASDASDASDCH-R850ZK123UASDASDASDC,Feature Phone,Phone,US CELLULAR
ASDASDASDCH-R860MASDASDASD123UASDASDASDC,Feature Phone,Phone,US CELLULAR
ASDASDASDCH-R860ZK123MTR,Feature Phone,Phone,METRO PCS
ASDASDASDCH-R880MB123UASDASDASDC,Other Smartphone,Phone,US CELLULAR
ASDASDASDCH-R880MASDASDASD123UASDASDASDC,Other Smartphone,Phone,US CELLULAR
ASDASDASDCH-R890ZK123UASDASDASDC,Alpha X 123 Mini,Phone,US CELLULAR
ASDASDASDCH-R890ZW123UASDASDASDC,Alpha X 123 Mini,Phone,US CELLULAR
ASDASDASDCH-R900ND123MTR,Feature Phone,Phone,METRO PCS
ASDASDASDCH-R910ZK123MTR,Alpha Indulge,Phone,METRO PCS
ASDASDASDCH-R915ZK123CRI,Alpha Indulge,Phone,CRICKET
ASDASDASDCH-R920DASDASDASD123MTR,Alpha Attain,Phone,METRO PCS
ASDASDASDCH-R930DASDASDASD123UASDASDASDC,Other Smartphone,Phone,US CELLULAR
ASDASDASDCH-R930DASDASDASDLUASDASDASDC,Other Smartphone,Phone,US CELLULAR
ASDASDASDCH-R9QWE0DASDASDASD123MTR,Alpha S Lightray,Phone,METRO PCS
ASDASDASDCH-R950TASDASDASD123UASDASDASDC,Alpha Beta II,Phone,US CELLULAR
ASDASDASDCH-R960ZK123UASDASDASDC,Alpha Mega   ,Phone,US CELLULAR
ASDASDASDCH-R960ZW123UASDASDASDC,Alpha Mega   ,Phone,US CELLULAR
ASDASDASDCH-R9ASD0ZK123CRI,Alpha X 123,Phone,CRICKET
ASDASDASDCH-R9ASD0ZK123CASDASDASDP,Alpha X 123,Phone,CSPIRE
ASDASDASDCH-R9ASD0ZK123UASDASDASDC,Alpha X 123,Phone,US CELLULAR
ASDASDASDCH-R9ASD0ZW123CRI,Alpha X 123,Phone,CRICKET
ASDASDASDCH-R9ASD0ZW123CASDASDASDP,Alpha X 123,Phone,CSPIRE
ASDASDASDCH-R9ASD0ZW123UASDASDASDC,Alpha X 123,Phone,US CELLULAR
ASDASDASDCH-ASDASDASD336C123123TFN,Feature Phone,Phone,TRACFONE
ASDASDASDCH-ASDASDASD380ZK123TFN,Feature Phone,Phone,TRACFONE
ASDASDASDCH-ASDASDASDASD20ZK123TFN,Alpha Proclaim,Phone,TRACFONE
ASDASDASDCH-ASDASDASDASD35HK123TFN,Alpha Discover,Phone,TRACFONE
ASDASDASDCHASDASDASDASD38YB123TFN,Alpha Proclaim,Phone,TRACFONE
ASDASDASDCH-ASDASDASDASD38YB123TFN,Other Smartphone,Phone,TRACFONE
ASDASDASDCH-ASDASDASD950RK123TFN,Alpha S Showcase,Phone,TRACFONE
ASDASDASDCH-ASDASDASD960MBBTFN,Alpha S III,Phone,TRACFONE
ASDASDASDCH-ASDASDASD960RWBTFN,Alpha S III,Phone,TRACFONE
ASDASDASDCH-ASDASDASD968MBBTFN,Alpha S III,Phone,TRACFONE
ASDASDASDCH-ASDASDASD968RWBTFN,Feature Phone,Phone,TRACFONE
ASDASDASDCH-U310ZN123VZW,Feature Phone,Phone,VERIZON
ASDASDASDCH-U310ZNASDASDASDVZW,Feature Phone,Phone,VERIZON
ASDASDASDCH-U310ZNZVZW,Feature Phone,Phone,VERIZON
ASDASDASDCH-U320H123123VZW,Feature Phone,Phone,VERIZON
ASDASDASDCH-U320H123OVZW,Feature Phone,Phone,VERIZON
ASDASDASDCH-U320H123ASDASDASDVZW,Feature Phone,Phone,VERIZON
ASDASDASDCH-U320H123ZVZW,Feature Phone,Phone,VERIZON
ASDASDASDCH-U3QWE0ZB123CRI,Feature Phone,Phone,CRICKET
ASDASDASDCH-U3QWE0ZB123UASDASDASDC,Feature Phone,Phone,US CELLULAR
ASDASDASDCH-U3QWE0ZB123VZW,Feature Phone,Phone,VERIZON
ASDASDASDCH-U3QWE0ZBCVZW,Feature Phone,Phone,VERIZON
ASDASDASDCH-U3QWE0ZBDVZW,Feature Phone,Phone,VERIZON
ASDASDASDCH-U3QWE0ZBPVZW,Feature Phone,Phone,VERIZON
ASDASDASDCH-U3QWE0ZBXVZW,Feature Phone,Phone,VERIZON
ASDASDASDCH-U3QWE0ZBZVZW,Feature Phone,Phone,VERIZON
ASDASDASDCH-U350M123123VZW,Feature Phone,Phone,VERIZON
ASDASDASDCH-U350M123ASDASDASDVZW,Feature Phone,Phone,VERIZON
ASDASDASDCH-U350M123ZVZW,Feature Phone,Phone,VERIZON
ASDASDASDCH-U350MB123VZW,Feature Phone,Phone,VERIZON
ASDASDASDCH-U350MBCVZW,Feature Phone,Phone,VERIZON
ASDASDASDCH-U350MBJVZW,Feature Phone,Phone,VERIZON
ASDASDASDCH-U350MBPVZW,Feature Phone,Phone,VERIZON
ASDASDASDCH-U350MBASDASDASDVZW,Feature Phone,Phone,VERIZON
ASDASDASDCH-U350MBTVZW,Feature Phone,Phone,VERIZON
ASDASDASDCH-U350MBXVZW,Feature Phone,Phone,VERIZON
ASDASDASDCH-U350MBYVZW,Feature Phone,Phone,VERIZON
ASDASDASDCH-U350MBZVZW,Feature Phone,Phone,VERIZON
ASDASDASDCH-U350Z123123VZW,Feature Phone,Phone,VERIZON
ASDASDASDCH-U360D123PVZW,Feature Phone,Phone,VERIZON
ASDASDASDCH-U360E123PVZW,Feature Phone,Phone,VERIZON
ASDASDASDCH-U360LP123VZW,Feature Phone,Phone,VERIZON
ASDASDASDCH-U360M123123VZW,Feature Phone,Phone,VERIZON
ASDASDASDCH-U360M123OVZW,Feature Phone,Phone,VERIZON
ASDASDASDCH-U360M123PVZW,Feature Phone,Phone,VERIZON
ASDASDASDCH-U360M123ASDASDASDVZW,Feature Phone,Phone,VERIZON
ASDASDASDCH-U360M123XVZW,Feature Phone,Phone,VERIZON
ASDASDASDCH-U360M123ZVZW,Feature Phone,Phone,VERIZON
ASDASDASDCH-U360YR123VZW,Feature Phone,Phone,VERIZON
ASDASDASDCH-U360YRPVZW,Feature Phone,Phone,VERIZON
ASDASDASDCH-U360YRZVZW,Feature Phone,Phone,VERIZON
ASDASDASDCH-U365C123PVZW,Feature Phone,Phone,VERIZON
ASDASDASDCH-U365GKPVZW,Feature Phone,Phone,VERIZON
ASDASDASDCH-U365H123123VZW,Feature Phone,Phone,VERIZON
ASDASDASDCH-U365H123OVZW,Feature Phone,Phone,VERIZON
ASDASDASDCH-U365H123PVZW,Feature Phone,Phone,VERIZON
ASDASDASDCH-U365H123XVZW,Feature Phone,Phone,VERIZON
ASDASDASDCH-U365WASDASDASD123VZW,Feature Phone,Phone,VERIZON
ASDASDASDCH-U3ASD0XK123VZW,Feature Phone,Phone,VERIZON
ASDASDASDCH-U380HK123VZW,Feature Phone,Phone,VERIZON
ASDASDASDCH-U380HKLVZW,Feature Phone,Phone,VERIZON
ASDASDASDCH-U380HKOVZW,Feature Phone,Phone,VERIZON
ASDASDASDCH-U380HKTVZW,Feature Phone,Phone,VERIZON
ASDASDASDCH-U380PASDASDASD123VZW,Feature Phone,Phone,VERIZON
ASDASDASDCH-UQWE10MASDASDASD123VZW,Feature Phone,Phone,VERIZON
ASDASDASDCH-UQWE10MASDASDASDPVZW,Feature Phone,Phone,VERIZON
ASDASDASDCH-UQWE10MASDASDASDASDASDASDVZW,Feature Phone,Phone,VERIZON
ASDASDASDCH-UQWE10MASDASDASDZVZW,Feature Phone,Phone,VERIZON
ASDASDASDCH-UQWE30NASDASDASD123VZW,Feature Phone,Phone,VERIZON
ASDASDASDCH-UQWE30NASDASDASDLVZW,Feature Phone,Phone,VERIZON
ASDASDASDCH-UQWE30NASDASDASDPVZW,Feature Phone,Phone,VERIZON
ASDASDASDCH-UQWE30NASDASDASDASDASDASDVZW,Feature Phone,Phone,VERIZON
ASDASDASDCH-UQWE30NASDASDASDXVZW,Feature Phone,Phone,VERIZON
ASDASDASDCH-UQWE30NASDASDASDYVZW,Feature Phone,Phone,VERIZON
ASDASDASDCH-UQWE30NASDASDASDZVZW,Feature Phone,Phone,VERIZON
ASDASDASDCH-UQWEQWE0CI123UASDASDASDC,Feature Phone,Phone,US CELLULAR
ASDASDASDCH-UQWEQWE0H123123UASDASDASDC,Feature Phone,Phone,US CELLULAR
ASDASDASDCH-UQWEQWE0WR123VZW,Feature Phone,Phone,VERIZON
ASDASDASDCH-UQWEQWE0WRLVZW,Feature Phone,Phone,VERIZON
ASDASDASDCH-UQWEQWE0WRASDASDASDVZW,Feature Phone,Phone,VERIZON
ASDASDASDCH-UQWE50H123123VZW,Feature Phone,Phone,VERIZON
ASDASDASDCH-UQWE50H123JVZW,Feature Phone,Phone,VERIZON
ASDASDASDCH-UQWE50H123LVZW,Feature Phone,Phone,VERIZON
ASDASDASDCH-UQWE50H123PVZW,Feature Phone,Phone,VERIZON
ASDASDASDCH-UQWE50H123ASDASDASDVZW,Feature Phone,Phone,VERIZON
ASDASDASDCH-UQWE50H123TVZW,Feature Phone,Phone,VERIZON
ASDASDASDCH-UQWE50H123VVZW,Feature Phone,Phone,VERIZON
ASDASDASDCH-UQWE50H123XVZW,Feature Phone,Phone,VERIZON
ASDASDASDCH-UQWE50H123ZVZW,Feature Phone,Phone,VERIZON
ASDASDASDCH-UQWE50MR123123TL,Feature Phone,Phone,ALLTEL
ASDASDASDCH-UQWE50MR123VZW,Feature Phone,Phone,VERIZON
ASDASDASDCH-UQWE50MRLVZW,Feature Phone,Phone,VERIZON
ASDASDASDCH-UQWE50MRPVZW,Feature Phone,Phone,VERIZON
ASDASDASDCH-UQWE50MRVVZW,Feature Phone,Phone,VERIZON
ASDASDASDCH-UQWE50MRXVZW,Feature Phone,Phone,VERIZON
ASDASDASDCH-UQWE50MRZVZW,Feature Phone,Phone,VERIZON
ASDASDASDCH-UQWE50TB123VZW,Feature Phone,Phone,VERIZON
ASDASDASDCH-UQWE50TBLVZW,Feature Phone,Phone,VERIZON
ASDASDASDCH-UQWE50TBASDASDASDVZW,Feature Phone,Phone,VERIZON
ASDASDASDCH-UQWE50TBZVZW,Feature Phone,Phone,VERIZON
ASDASDASDCH-UQWE60E123123VZW,Feature Phone,Phone,VERIZON
ASDASDASDCH-UQWE60E123LVZW,Feature Phone,Phone,VERIZON
ASDASDASDCH-UQWE60E123OVZW,Feature Phone,Phone,VERIZON
ASDASDASDCH-UQWE60E123PVZW,Feature Phone,Phone,VERIZON
ASDASDASDCH-UQWE60E123ASDASDASDVZW,Feature Phone,Phone,VERIZON
ASDASDASDCH-UQWE60E123VVZW,Feature Phone,Phone,VERIZON
ASDASDASDCH-UQWE60E123XVZW,Feature Phone,Phone,VERIZON
ASDASDASDCH-UQWE60E123ZVZW,Feature Phone,Phone,VERIZON
ASDASDASDCH-UQWE60MB123VZW,Feature Phone,Phone,VERIZON
ASDASDASDCH-UQWE60MBLVZW,Feature Phone,Phone,VERIZON
ASDASDASDCH-UQWE60MBZVZW,Feature Phone,Phone,VERIZON
ASDASDASDCH-UQWE60MRPVZW,Feature Phone,Phone,VERIZON
ASDASDASDCH-UQWE60UNPVZW,Feature Phone,Phone,VERIZON
ASDASDASDCH-UQWE60ZP123VZW,Feature Phone,Phone,VERIZON
ASDASDASDCH-UQWEASD0GB123VZW,Feature Phone,Phone,VERIZON
ASDASDASDCH-UQWEASD0GBLVZW,Feature Phone,Phone,VERIZON
ASDASDASDCH-UQWEASD0GBPVZW,Feature Phone,Phone,VERIZON
ASDASDASDCH-UQWEASD0GBZVZW,Feature Phone,Phone,VERIZON
ASDASDASDCH-UQWEASD0NB123VZW,Feature Phone,Phone,VERIZON
ASDASDASDCH-UQWEASD0NBLVZW,Feature Phone,Phone,VERIZON
ASDASDASDCH-UQWEASD0NBPVZW,Feature Phone,Phone,VERIZON
ASDASDASDCH-UQWEASD0NBASDASDASDVZW,Feature Phone,Phone,VERIZON
ASDASDASDCH-UQWEASD0NBZVZW,Feature Phone,Phone,VERIZON
ASDASDASDCH-UQWEASD0ZR123VZW,Feature Phone,Phone,VERIZON
ASDASDASDCH-UQWEASD0ZRLVZW,Feature Phone,Phone,VERIZON
ASDASDASDCH-UQWEASD0ZRPVZW,Feature Phone,Phone,VERIZON
ASDASDASDCH-UQWEASD0ZRZVZW,Feature Phone,Phone,VERIZON
ASDASDASDCH-UQWE80EB123VZW,Feature Phone,Phone,VERIZON
ASDASDASDCH-UQWE80RK123VZW,Feature Phone,Phone,VERIZON
ASDASDASDCH-UQWE85NASDASDASD123VZW,Feature Phone,Phone,VERIZON
ASDASDASDCH-UQWE85RK123VZW,Feature Phone,Phone,VERIZON
ASDASDASDCH-UQWE85RKOVZW,Feature Phone,Phone,VERIZON
ASDASDASDCH-UQWE85TGPVZW,Feature Phone,Phone,VERIZON
ASDASDASDCH-UQWE90NK123VZW,Feature Phone,Phone,VERIZON
ASDASDASDCH-UQWE90NKJVZW,Feature Phone,Phone,VERIZON
ASDASDASDCH-UQWE90NKLVZW,Feature Phone,Phone,VERIZON
ASDASDASDCH-UQWE90NKASDASDASDVZW,Feature Phone,Phone,VERIZON
ASDASDASDCH-UQWE90NKTVZW,Feature Phone,Phone,VERIZON
ASDASDASDCH-UQWE90NKZVZW,Feature Phone,Phone,VERIZON
ASDASDASDCH-UQWE90ZR123VZW,Feature Phone,Phone,VERIZON
ASDASDASDCH-UQWE90ZRLVZW,Feature Phone,Phone,VERIZON
ASDASDASDCH-UQWE90ZRZVZW,Feature Phone,Phone,VERIZON
ASDASDASDCH-U520ZN123UASDASDASDC,Feature Phone,Phone,US CELLULAR
ASDASDASDCH-U5QWE0LB123VZW,Feature Phone,Phone,VERIZON
ASDASDASDCH-U5QWE0MASDASDASD123VZW,Feature Phone,Phone,VERIZON
ASDASDASDCH-U5QWE0MASDASDASDLVZW,Feature Phone,Phone,VERIZON
ASDASDASDCH-U550ZN123VZW,Feature Phone,Phone,VERIZON
ASDASDASDCH-U550ZNLVZW,Feature Phone,Phone,VERIZON
ASDASDASDCH-U550ZNASDASDASDVZW,Feature Phone,Phone,VERIZON
ASDASDASDCH-U550ZNZVZW,Feature Phone,Phone,VERIZON
ASDASDASDCH-U620123B123VZW,Feature Phone,Phone,VERIZON
ASDASDASDCH-U620ZK123VZW,Feature Phone,Phone,VERIZON
ASDASDASDCH-U620ZKLVZW,Feature Phone,Phone,VERIZON
ASDASDASDCH-U6QWE0EK123VZW,Feature Phone,Phone,VERIZON
ASDASDASDCH-U6QWE0EKLVZW,Feature Phone,Phone,VERIZON
ASDASDASDCH-U6QWE0EKOVZW,Feature Phone,Phone,VERIZON
ASDASDASDCH-U6QWE0EKASDASDASDVZW,Feature Phone,Phone,VERIZON
ASDASDASDCH-U6QWE0EKZVZW,Feature Phone,Phone,VERIZON
ASDASDASDCH-U650PASDASDASD123VZW,Feature Phone,Phone,VERIZON
ASDASDASDCH-U650PASDASDASDLVZW,Feature Phone,Phone,VERIZON
ASDASDASDCH-U650PASDASDASDPVZW,Feature Phone,Phone,VERIZON
ASDASDASDCH-U650PASDASDASDASDASDASDVZW,Feature Phone,Phone,VERIZON
ASDASDASDCH-U650PASDASDASDZVZW,Feature Phone,Phone,VERIZON
ASDASDASDCH-U660CN123VZW,Feature Phone,Phone,VERIZON
ASDASDASDCH-U660CNLVZW,Feature Phone,Phone,VERIZON
ASDASDASDCH-U660CNOVZW,Feature Phone,Phone,VERIZON
ASDASDASDCH-U680M123123VZW,Feature Phone,Phone,VERIZON
ASDASDASDCH-UASD00ZN123VZW,Feature Phone,Phone,VERIZON
ASDASDASDCH-UASD00ZNKVZW,Feature Phone,Phone,VERIZON
ASDASDASDCH-UASD00ZNLVZW,Feature Phone,Phone,VERIZON
ASDASDASDCH-UASD00ZNASDASDASDVZW,Feature Phone,Phone,VERIZON
ASDASDASDCH-UASD00ZNZVZW,Feature Phone,Phone,VERIZON
ASDASDASDCH-UASD00ZP123VZW,Feature Phone,Phone,VERIZON
ASDASDASDCH-UASD00ZPLVZW,Feature Phone,Phone,VERIZON
ASDASDASDCH-UASD00ZPASDASDASDVZW,Feature Phone,Phone,VERIZON
ASDASDASDCH-UASD10CD123VZW,Feature Phone,Phone,VERIZON
ASDASDASDCH-UASD10MASDASDASD123VZW,Feature Phone,Phone,VERIZON
ASDASDASDCH-UASDQWE0CD123VZW,Feature Phone,Phone,VERIZON
ASDASDASDCH-UASDQWE0CDLVZW,Feature Phone,Phone,VERIZON
ASDASDASDCH-UASDQWE0Z123123VZW,Feature Phone,Phone,VERIZON
ASDASDASDCH-UASDQWE0Z123LVZW,Feature Phone,Phone,VERIZON
ASDASDASDCH-UASDQWE0Z123XVZW,Feature Phone,Phone,VERIZON
ASDASDASDCH-UASDQWE0Z123ZVZW,Feature Phone,Phone,VERIZON
ASDASDASDCH-UASDQWE0ZK123VZW,Feature Phone,Phone,VERIZON
ASDASDASDCH-UASDQWE0ZKLVZW,Feature Phone,Phone,VERIZON
ASDASDASDCH-UASD50H123123VZW,Feature Phone,Phone,VERIZON
ASDASDASDCH-UASD50H123LVZW,Feature Phone,Phone,VERIZON
ASDASDASDCH-UASD50H123ASDASDASDVZW,Feature Phone,Phone,VERIZON
ASDASDASDCH-UASD50H123ZVZW,Feature Phone,Phone,VERIZON
ASDASDASDCH-UASD50ZK123VZW,Feature Phone,Phone,VERIZON
ASDASDASDCH-UASD50ZKLVZW,Feature Phone,Phone,VERIZON
ASDASDASDCH-UASD50ZKOVZW,Feature Phone,Phone,VERIZON
ASDASDASDCH-UASD50ZKASDASDASDVZW,Feature Phone,Phone,VERIZON
ASDASDASDCH-U810GN123VZW,Feature Phone,Phone,VERIZON
ASDASDASDCH-U810GNLVZW,Feature Phone,Phone,VERIZON
ASDASDASDCH-U810GNASDASDASDVZW,Feature Phone,Phone,VERIZON
ASDASDASDCH-U820ZK123VZW,Feature Phone,Phone,VERIZON
ASDASDASDCH-U820ZKLVZW,Feature Phone,Phone,VERIZON
ASDASDASDCH-U820ZKOVZW,Feature Phone,Phone,VERIZON
ASDASDASDCH-U820ZKASDASDASDVZW,Feature Phone,Phone,VERIZON
ASDASDASDCH-U820ZKZVZW,Feature Phone,Phone,VERIZON
ASDASDASDCH-U820ZR123VZW,Feature Phone,Phone,VERIZON
ASDASDASDCH-U820ZRLVZW,Feature Phone,Phone,VERIZON
ASDASDASDCH-U820ZROVZW,Feature Phone,Phone,VERIZON
ASDASDASDCH-U820ZRASDASDASDVZW,Feature Phone,Phone,VERIZON
ASDASDASDCH-U820ZRZVZW,Feature Phone,Phone,VERIZON
ASDASDASDCH-U900ZK123VZW,Feature Phone,Phone,VERIZON
ASDASDASDCH-U900ZKLVZW,Feature Phone,Phone,VERIZON
ASDASDASDCH-U900ZKASDASDASDVZW,Feature Phone,Phone,VERIZON
ASDASDASDCH-U900ZR123VZW,Feature Phone,Phone,VERIZON
ASDASDASDCH-U900ZRLVZW,Feature Phone,Phone,VERIZON
ASDASDASDCH-U900ZRASDASDASDVZW,Feature Phone,Phone,VERIZON
ASDASDASDCH-U9QWE0DB123VZW,Feature Phone,Phone,VERIZON
ASDASDASDCH-U9QWE0DBBVZW,Feature Phone,Phone,VERIZON
ASDASDASDCH-U9QWE0DBEVZW,Feature Phone,Phone,VERIZON
ASDASDASDCH-U9QWE0DBJVZW,Feature Phone,Phone,VERIZON
ASDASDASDCH-U9QWE0DBKVZW,Feature Phone,Phone,VERIZON
ASDASDASDCH-U9QWE0DBLVZW,Feature Phone,Phone,VERIZON
ASDASDASDCH-U9QWE0DBASDASDASDVZW,Feature Phone,Phone,VERIZON
ASDASDASDCH-U960ZASDASDASD123VZW,Feature Phone,Phone,VERIZON
ASDASDASDCH-U960ZASDASDASDLVZW,Feature Phone,Phone,VERIZON
ASDASDASDCH-U960ZASDASDASDASDASDASDVZW,Feature Phone,Phone,VERIZON
ASDASDASDEC-iQWE00ZK123VZW,Other Smartphone,Phone,VERIZON
ASDASDASDEC-I500RK123UASDASDASDC,Other Smartphone,Phone,US CELLULAR
ASDASDASDEC-I500RK123VZW,Other Smartphone,Phone,VERIZON
ASDASDASDEC-I500RK123X123R,Other Smartphone,Phone,Other
ASDASDASDEC-I510R123123VZW,Other Smartphone,Phone,VERIZON
ASDASDASDEC-IASD05MK123VZW,Alpha Tablet 2 7.0,Tablet,VERIZON
ASDASDASDEC-I800BK123VZW,Alpha Tablet,Tablet,VERIZON
ASDASDASDEC-I800NASDASDASD123UASDASDASDC,Alpha Tablet,Tablet,US CELLULAR
ASDASDASDEC-I905MASDASDASD123VZW,Alpha Tablet 10.1,Tablet,VERIZON
ASDASDASDEC-I905ZK123UASDASDASDC,Alpha Tablet 10.1,Tablet,US CELLULAR
ASDASDASDEC-I915ASDASDASD123123VZW,Alpha Tablet 2 10.1,Tablet,VERIZON
ASDASDASDEC-RASD60IB123UASDASDASDC,Alpha S II ,Phone,US CELLULAR
ASDASDASDEG-1231ASDASDZK123123TT,Feature Phone,Phone,AT&T
ASDASDASDEG-IASD1ASDRW123123TT,Alpha Beta,Phone,AT&T
ASDASDASDEG-iASD1ASDZB123123TT,Alpha Beta,Phone,AT&T
ASDASDASDEG-IASDASDASDZK123123TT,Alpha S II,Phone,AT&T
ASDASDASDEG-I89ASDZK123123TT,Other Smartphone,Phone,AT&T
ASDASDASDEG-I9020FASDASDASD123TT,Other Smartphone,Phone,AT&T
ASDASDASDEG-I9020FASDASDASDTMB,Other Smartphone,Phone,T-MOBILE
ASDASDASDEG-I9020PW123TT,Other Smartphone,Phone,AT&T
ASDASDASDEG-I98ASDZK123123TT,Alpha Tablet,Tablet,AT&T
ASDASDASDEG-I99ASDZK123123TT,Other Smartphone,Phone,AT&T
ASDASDASDEG-P1010CWX123R,Alpha Tablet,Tablet,Other
ASDASDASDEG-PASD510UWX123R,Alpha Tablet 10.1,Tablet,Other
ASDASDASDEG-TASDASD9TASDASDASD123TMB,Alpha Tablet 2 10.1,Tablet,T-MOBILE
ASDASDASDEG-T869M123123TMB,Alpha Tablet 7.0 Plus,Tablet,T-MOBILE
ASDASDASDEG-T869M123BTMB,Alpha Tablet 7.0 Plus,Tablet,T-MOBILE
ASDASDASDEG-T959H123123TMB,Alpha X 123G,Phone,T-MOBILE
ASDASDASDEG-T999RWBTMB,Alpha S III,Phone,T-MOBILE
ASDASDASDEP-DASD00ZK123ASDASDASDPR,Other Smartphone,Phone,SPRINT
ASDASDASDEP-DASD10ZK123ASDASDASDPR,Alpha S II ,Phone,SPRINT
ASDASDASDEP-DASD20ZK123ASDASDASDPR,Other Smartphone,Phone,SPRINT
ASDASDASDGH-12310ASDZASDASDASD123123TT,Feature Phone,Phone,AT&T
ASDASDASDGH-12310ASDZASDASDASDB123TT,Feature Phone,Phone,AT&T
ASDASDASDGH-12310ASDZASDASDASDC123TT,Feature Phone,Phone,AT&T
ASDASDASDGH-12310ASDZASDASDASDD123TT,Feature Phone,Phone,AT&T
ASDASDASDGH-12311ASDZK123123TT,Feature Phone,Phone,AT&T
ASDASDASDGH-12311ASDZKB123TT,Feature Phone,Phone,AT&T
ASDASDASDGH-12311ASDZKD123TT,Feature Phone,Phone,AT&T
ASDASDASDGH-12311ASDZKE123TT,Feature Phone,Phone,AT&T
ASDASDASDGH-12311ASDZKF123TT,Feature Phone,Phone,AT&T
ASDASDASDGH-12312ASDEBC123TT,Feature Phone,Phone,AT&T
ASDASDASDGH-12312ASDEBG123TT,Feature Phone,Phone,AT&T
ASDASDASDGH-12312ASDWR123123TT,Feature Phone,Phone,AT&T
ASDASDASDGH-12312ASDWRC123TT,Feature Phone,Phone,AT&T
ASDASDASDGH-12312ASDWRE123TT,Feature Phone,Phone,AT&T
ASDASDASDGH-12312ASDWRG123TT,Feature Phone,Phone,AT&T
ASDASDASDGH-12313ASDIB123123TT,Feature Phone,Phone,AT&T
ASDASDASDGH-12313ASDIBB123TT,Feature Phone,Phone,AT&T
ASDASDASDGH-12313ASDIBC123TT,Feature Phone,Phone,AT&T
ASDASDASDGH-12313ASDIBE123TT,Feature Phone,Phone,AT&T
ASDASDASDGH-12315ASDZK123123TT,Feature Phone,Phone,AT&T
ASDASDASDGH-12315ASDZKC123TT,Feature Phone,Phone,AT&T
ASDASDASDGH-12316ASDLB123123TT,Feature Phone,Phone,AT&T
ASDASDASDGH-12316ASDLBC123TT,Feature Phone,Phone,AT&T
ASDASDASDGH-1231ASDASDZK123123TT,Feature Phone,Phone,AT&T
ASDASDASDGH-1231ASDASDZKB123TT,Feature Phone,Phone,AT&T
ASDASDASDGH-1231ASDASDZKC123TT,Feature Phone,Phone,AT&T
ASDASDASDGH-1231ASDASDZKD123TT,Feature Phone,Phone,AT&T
ASDASDASDGH-1231ASDASDZKE123TT,Feature Phone,Phone,AT&T
ASDASDASDGH-12318ASDZB123123TT,Feature Phone,Phone,AT&T
ASDASDASDGH-12318ASDZBC123TT,Feature Phone,Phone,AT&T
ASDASDASDGH-12318ASDZBD123TT,Feature Phone,Phone,AT&T
ASDASDASDGH-12319ASDZK123123TT,Feature Phone,Phone,AT&T
ASDASDASDGH-12319ASDZKC123TT,Feature Phone,Phone,AT&T
ASDASDASDGH-12320ASDZK123123TT,Feature Phone,Phone,AT&T
ASDASDASDGH-12321ASDZ123123123TT,Feature Phone,Phone,AT&T
ASDASDASDGH-12322ASDH123123123TT,Feature Phone,Phone,AT&T
ASDASDASDGH-12323ASDLB123123TT,Feature Phone,Phone,AT&T
ASDASDASDGH-12323ASDRK123123TT,Feature Phone,Phone,AT&T
ASDASDASDGH-12323ASDZR123123TT,Feature Phone,Phone,AT&T
ASDASDASDGH-12325ASDUR123123TT,Feature Phone,Phone,AT&T
ASDASDASDGH-123QWE3ASDCD123123TT,Feature Phone,Phone,AT&T
ASDASDASDGH-123QWE3ASDCDH123TT,Feature Phone,Phone,AT&T
ASDASDASDGH-123QWE3ASDD123123123TT,Feature Phone,Phone,AT&T
ASDASDASDGH-123QWE3ASDD123H123TT,Feature Phone,Phone,AT&T
ASDASDASDGH-123QWE3ASDZR123123TT,Feature Phone,Phone,AT&T
ASDASDASDGH-123QWE3ASDZRH123TT,Feature Phone,Phone,AT&T
ASDASDASDGH-12351ASDZK123123TT,Feature Phone,Phone,AT&T
ASDASDASDGH-12359ASDWR123123TT,Feature Phone,Phone,AT&T
ASDASDASDGH-12359ASDZB123123TT,Feature Phone,Phone,AT&T
ASDASDASDGH-12363ASDCW123123TT,Feature Phone,Phone,AT&T
ASDASDASDGH-12365ASDZK123123TT,Feature Phone,Phone,AT&T
ASDASDASDGH-12366ASDZG123123TT,Feature Phone,Phone,AT&T
ASDASDASDGH-12368ASDLB123123TT,Feature Phone,Phone,AT&T
ASDASDASDGH-12368ASDLG123123TT,Feature Phone,Phone,AT&T
ASDASDASDGH-12368ASDZP123123TT,Feature Phone,Phone,AT&T
ASDASDASDGH-12369ASDZK123123TT,Feature Phone,Phone,AT&T
ASDASDASDGH-12369ASDZKC123TT,Feature Phone,Phone,AT&T
ASDASDASDGH-123ASD0ASDD123C123TT,Feature Phone,Phone,AT&T
ASDASDASDGH-123ASD0ASDNBB123TT,Feature Phone,Phone,AT&T
ASDASDASDGH-123ASD0ASDNBC123TT,Feature Phone,Phone,AT&T
ASDASDASDGH-123ASD0ASDZRC123TT,Feature Phone,Phone,AT&T
ASDASDASDGH-123ASD1ASDZK123123TT,Feature Phone,Phone,AT&T
ASDASDASDGH-123ASD2ASDZK123123TT,Feature Phone,Phone,AT&T
ASDASDASDGH-123ASD3ASDHB123123TT,Feature Phone,Phone,AT&T
ASDASDASDGH-123ASD3ASDYG123123TT,Feature Phone,Phone,AT&T
ASDASDASDGH-123ASD3ASDZO123123TT,Feature Phone,Phone,AT&T
ASDASDASDGH-123ASD3ASDZR123123TT,Feature Phone,Phone,AT&T
ASDASDASDGH-123ASDQWEASDBB123123TT,Feature Phone,Phone,AT&T
ASDASDASDGH-123ASDQWEASDCN123123TT,Feature Phone,Phone,AT&T
ASDASDASDGH-123ASD6ASD123G123123TT,Feature Phone,Phone,AT&T
ASDASDASDGH-123ASD6ASDLB123123TT,Feature Phone,Phone,AT&T
ASDASDASDGH-123ASD6ASDOR123123TT,Feature Phone,Phone,AT&T
ASDASDASDGH-123ASD6ASDWR123123TT,Feature Phone,Phone,AT&T
ASDASDASDGH-123ASDASDASDEG123123TT,Feature Phone,Phone,AT&T
ASDASDASDGH-123ASDASDASDFO123123TT,Feature Phone,Phone,AT&T
ASDASDASDGH-123ASDASDASDMB123123TT,Feature Phone,Phone,AT&T
ASDASDASDGH-123ASDASDASDOR123123TT,Feature Phone,Phone,AT&T
ASDASDASDGH-123ASD9ASDWR123123TT,Feature Phone,Phone,AT&T
ASDASDASDGH-123ASD9ASDZASDASDASD123123TT,Feature Phone,Phone,AT&T
ASDASDASDGH-12381ASDZK123123TT,Feature Phone,Phone,AT&T
ASDASDASDGH-12382ASDDK123123TT,Feature Phone,Phone,AT&T
ASDASDASDGH-12383ASDDK123123TT,Feature Phone,Phone,AT&T
ASDASDASDGH-12383ASDWR123123TT,Feature Phone,Phone,AT&T
ASDASDASDGH-12383ASDZY123123TT,Feature Phone,Phone,AT&T
ASDASDASDGH-1238QWEASDZ123123123TT,Feature Phone,Phone,AT&T
ASDASDASDGH-12386ASDZK123123TT,Feature Phone,Phone,AT&T
ASDASDASDGH-1238ASDASDRB123123TT,Feature Phone,Phone,AT&T
ASDASDASDGH-12388ASDZK123123TT,Feature Phone,Phone,AT&T
ASDASDASDGH-12388ASDZP123123TT,Feature Phone,Phone,AT&T
ASDASDASDGH-12389ASDZK123123TT,Feature Phone,Phone,AT&T
ASDASDASDGH-12392ASDZ123123123TT,Feature Phone,Phone,AT&T
ASDASDASDGH-12392ASDZ123C123TT,Feature Phone,Phone,AT&T
ASDASDASDGH-12396ASDZK123123TT,Feature Phone,Phone,AT&T
ASDASDASDGH-12399ASDD123123123TT,Feature Phone,Phone,AT&T
ASDASDASDGH-CQWE1ASDCDB123TT,Feature Phone,Phone,AT&T
ASDASDASDGH-CQWE1ASDZDB123TT,Feature Phone,Phone,AT&T
ASDASDASDGH-CQWE1ASDZRB123TT,Feature Phone,Phone,AT&T
ASDASDASDGH-I18ASDXB123123TT,Feature Phone,Phone,AT&T
ASDASDASDGH-I25ASD123I123123TT,Alpha X 123 Mini,Phone,AT&T
ASDASDASDGH-I25ASDZK123123TT,Alpha X 123 Mini,Phone,AT&T
ASDASDASDGH-I25ASDZW123123TT,Alpha X 123 Mini,Phone,AT&T
ASDASDASDGH-I31ASDTASDASDASD123123TT,Alpha Beta II,Phone,AT&T
ASDASDASDGH-I31ASDTASDASDASDMBMC,Alpha Beta II,Phone,Other
ASDASDASDGH-I31ASDTASDASDASDMRWC,Alpha Beta II,Phone,Other
ASDASDASDGH-I31ASDZW123123TT,Alpha Beta II,Phone,AT&T
ASDASDASDGH-I33ASDZK123123TT,Alpha X 123,Phone,AT&T
ASDASDASDGH-I33ASDZK123BMC,Alpha X 123,Phone,Other
ASDASDASDGH-I33ASDZK123RWC,Alpha X 123,Phone,Other
ASDASDASDGH-I33ASDZKD123TT,Alpha X 123,Phone,AT&T
ASDASDASDGH-I33ASDZKM123TT,Alpha X 123,Phone,AT&T
ASDASDASDGH-I33ASDZKZ123IO,Alpha X 123,Phone,AIO
ASDASDASDGH-I33ASDZR123123TT,Alpha X 123  ,Phone,AT&T
ASDASDASDGH-I33ASDZRM123TT,Alpha X 123,Phone,AT&T
ASDASDASDGH-I33ASDZW123123TT,Alpha X 123,Phone,AT&T
ASDASDASDGH-I33ASDZW123RWC,Alpha X 123,Phone,Other
ASDASDASDGH-I33ASDZWM123TT,Alpha X 123,Phone,AT&T
ASDASDASDGH-IQWE0ASDZK123123TT,Other Smartphone,Phone,AT&T
ASDASDASDGH-IQWE3ASDMBZ123TT,Alpha Express,Phone,AT&T
ASDASDASDGH-IQWE3ASDZGP123TT,Other Smartphone,Phone,AT&T
ASDASDASDGH-IQWE3ASDZASDASDASD123123TT,Alpha Express,Phone,AT&T
ASDASDASDGH-IQWE3ASDZASDASDASDG123TT,Alpha Express,Phone,AT&T
ASDASDASDGH-IQWE3ASDZASDASDASDP123TT,Alpha Express,Phone,AT&T
ASDASDASDGH-IQWE6ASDZW123123TT,Alpha Beta 8.0,Tablet,AT&T
ASDASDASDGH-IQWE9ASDZASDASDASD123123TT,Alpha Tablet 2 10.1,Tablet,AT&T
ASDASDASDGH-I52ASDZKB123TT,Alpha Mega   ,Phone,AT&T
ASDASDASDGH-I53ASDZ123123123TT,Alpha X 123,Phone,AT&T
ASDASDASDGH-I53ASDZ123M123TT,Alpha X 123,Phone,AT&T
ASDASDASDGH-I53ASDZB123123TT,Alpha X 123,Phone,AT&T
ASDASDASDGH-I53ASDZBM123TT,Alpha X 123,Phone,AT&T
ASDASDASDGH-I5QWEASDZK123123TT,Alpha Rugby Pro,Phone,AT&T
ASDASDASDGH-I5ASDASDYK123123TT,Alpha Exhilarate,Phone,AT&T
ASDASDASDGH-I60ASDZKB123TT,Other Smartphone,Phone,AT&T
ASDASDASDGH-I61ASDEB123123TT,Other Smartphone,Phone,AT&T
ASDASDASDGH-I61ASDTI123123TT,Other Smartphone,Phone,AT&T
ASDASDASDGH-I61ASDWR123123TT,Other Smartphone,Phone,AT&T
ASDASDASDGH-I61ASDZK123123TT,Other Smartphone,Phone,AT&T
ASDASDASDGH-I62ASDM123123123TT,Other Smartphone,Phone,AT&T
ASDASDASDGH-I63ASDM123123123TT,Other Smartphone,Phone,AT&T
ASDASDASDGH-I63ASDWR123123TT,Other Smartphone,Phone,AT&T
ASDASDASDGH-I66ASDUW123123TT,Other Smartphone,Phone,AT&T
ASDASDASDGH-I66ASDUWM123TT,Other Smartphone,Phone,AT&T
ASDASDASDGH-I6ASDASDD123123123TT,Other Smartphone,Phone,AT&T
ASDASDASDGH-I6ASDASDHK123123TT,Other Smartphone,Phone,AT&T
ASDASDASDGH-IASD1ASDRW123123TT,Alpha Beta   ,Phone,AT&T
ASDASDASDGH-iASD1ASDRWZ123TT,Alpha Beta,Phone,AT&T
ASDASDASDGH-IASD1ASDZB123123TT,Alpha Beta   ,Phone,AT&T
ASDASDASDGH-iASD1ASDZBZ123TT,Alpha Beta,Phone,AT&T
ASDASDASDGH-IASD2ASDD123123123TT,Alpha S II,Phone,AT&T
ASDASDASDGH-IASD2ASDD123RRWC,Alpha S II,Phone,Other
ASDASDASDGH-IASD2ASDMASDASDASD123123TT,Alpha S II,Phone,AT&T
ASDASDASDGH-IASD2ASDZW123123TT,Alpha S II,Phone,AT&T
ASDASDASDGH-IASDQWEASDMB123123TT,Alpha S III,Phone,AT&T
ASDASDASDGH-IASDQWEASDMB123BMC,Alpha S III,Phone,Other
ASDASDASDGH-IASDQWEASDMB123RWC,Alpha S II,Phone,Other
ASDASDASDGH-IASDQWEASDMBB123TT,Alpha S III,Phone,AT&T
ASDASDASDGH-IASDQWEASDMBBBMC,Alpha S III,Phone,Other
ASDASDASDGH-IASDQWEASDMBBRWC,Alpha S III,Phone,Other
ASDASDASDGH-IASDQWEASDMBN123TT,Alpha S III,Phone,AT&T
ASDASDASDGH-IASDQWEASDRW123123TT,Alpha S III,Phone,AT&T
ASDASDASDGH-IASDQWEASDRWB123TT,Alpha S III,Phone,AT&T
ASDASDASDGH-IASDQWEASDRWBBMC,Alpha S III,Phone,Other
ASDASDASDGH-IASDQWEASDRWBRWC,Alpha S III,Phone,Other
ASDASDASDGH-IASDQWEASDZRB123TT,Alpha S III,Phone,AT&T
ASDASDASDGH-IASD5ASDHK123123TT,Other Smartphone,Phone,AT&T
ASDASDASDGH-IASDASDASDZK123123TT,Alpha S II,Phone,AT&T
ASDASDASDGH-IASDASDASDZKZ123TT,Alpha S II ,Phone,AT&T
ASDASDASDGH-I82ASDZASDASDASD123123TT,Alpha Appeal,Phone,AT&T
ASDASDASDGH-I82ASDZASDASDASDC123TT,Alpha Appeal,Phone,AT&T
ASDASDASDGH-I8QWEASDZK123123TT,Other Smartphone,Phone,AT&T
ASDASDASDGH-I85ASDZ123123123TT,Other Smartphone,Phone,AT&T
ASDASDASDGH-I85ASDZW123123TT,Other Smartphone,Phone,AT&T
ASDASDASDGH-I89ASDZK123123TT,Alpha S,Phone,AT&T
ASDASDASDGH-i89ASDZKM123TT,Other Smartphone,Phone,AT&T
ASDASDASDGH-I89ASDZKZ123TT,Other Smartphone,Phone,AT&T
ASDASDASDGH-I90ASDZK123123TT,Other Smartphone,Phone,AT&T
ASDASDASDGH-I91ASDZK123123TT,Other Smartphone,Phone,AT&T
ASDASDASDGH-I92ASDZK123123TT,Other Smartphone,Phone,AT&T
ASDASDASDGH-I93ASDOK123123TT,Other Smartphone,Phone,AT&T
ASDASDASDGH-I95ASDZK123123TT,Alpha Tablet 8.9,Tablet,AT&T
ASDASDASDGH-I98ASDZK123123TT,Alpha Tablet,Tablet,AT&T
ASDASDASDGH-I98ASDZKZ123TT,Alpha Tablet,Tablet,AT&T
ASDASDASDGH-I99ASDZK123123TT,Other Smartphone,Phone,AT&T
ASDASDASDGH-I99ASDZKM123TT,Other Smartphone,Phone,AT&T
ASDASDASDGH-M819ZK123TMB,Other Smartphone,Phone,T-MOBILE
ASDASDASDGH-M919RW123TMB,Alpha X 123,Phone,T-MOBILE
ASDASDASDGH-M919ZK123TMB,Alpha X 123,Phone,T-MOBILE
ASDASDASDGH-M919ZW123TMB,Alpha X 123,Phone,T-MOBILE
ASDASDASDGH-P10ASDBASDASDASD123CIN,Feature Phone,Phone,Other
ASDASDASDGH-ASDASDASD125ZASDASDASD123TFN,Feature Phone,Phone,TRACFONE
ASDASDASDGH-ASDASDASD150ZK123TFN,Feature Phone,Phone,TRACFONE
ASDASDASDGH-ASDASDASD2ASD5D123123TFN,Feature Phone,Phone,TRACFONE
ASDASDASDGH-ASDASDASD2ASD5YK123TFN,Feature Phone,Phone,TRACFONE
ASDASDASDGH-ASDASDASD390CK123TFN,Alpha X 123,Phone,TRACFONE
ASDASDASDGH-ASDASDASD390CASDASDASD123TFN,Feature Phone,Phone,TRACFONE
ASDASDASDGH-ASDASDASDQWE25ZG123TFN,Feature Phone,Phone,TRACFONE
ASDASDASDGH-ASDASDASDASD30HK123TFN,Alpha Discover,Phone,TRACFONE
ASDASDASDGH-ASDASDASDASD30HKMBMC,Alpha Discover,Phone,Other
ASDASDASDGH-ASDASDASD959123123123TFN,Alpha S II,Phone,TRACFONE
ASDASDASDGH-ASDASDASD959ZK123TFN,Alpha S II,Phone,TRACFONE
ASDASDASDGH-ASDASDASD9ASD0ZK123TFN,Alpha X 123,Phone,TRACFONE
ASDASDASDGH-ASDASDASD9ASD5ZK123TFN,Alpha X 123,Phone,TRACFONE
ASDASDASDGH-T101NKGTRF,Feature Phone,Phone,Other
ASDASDASDGH-T105YKGTRF,Feature Phone,Phone,Other
ASDASDASDGH-T139I123123TMB,Feature Phone,Phone,T-MOBILE
ASDASDASDGH-T139I123BTMB,Feature Phone,Phone,T-MOBILE
ASDASDASDGH-T139I123KTMB,Feature Phone,Phone,T-MOBILE
ASDASDASDGH-T139I123WTMB,Feature Phone,Phone,T-MOBILE
ASDASDASDGH-T155YKGTRF,Feature Phone,Phone,Other
ASDASDASDGH-T159YKBTMB,Feature Phone,Phone,T-MOBILE
ASDASDASDGH-T189D123123TMB,Other Smartphone,Phone,T-MOBILE
ASDASDASDGH-T199ZK123TMB,Feature Phone,Phone,T-MOBILE
ASDASDASDGH-T199ZKPTMB,Feature Phone,Phone,T-MOBILE
ASDASDASDGH-T199ZW123TMB,Feature Phone,Phone,T-MOBILE
ASDASDASDGH-T201VASDASDASDGNTT,Feature Phone,Phone,Other
ASDASDASDGH-T209WRBTMB,Feature Phone,Phone,T-MOBILE
ASDASDASDGH-T219CNBTMB,Feature Phone,Phone,T-MOBILE
ASDASDASDGH-T229ZKFTMB,Feature Phone,Phone,T-MOBILE
ASDASDASDGH-T239WRBTMB,Feature Phone,Phone,T-MOBILE
ASDASDASDGH-T239WRFTMB,Feature Phone,Phone,T-MOBILE
ASDASDASDGH-T2QWE5LASDASDASD123TFN,Feature Phone,Phone,TRACFONE
ASDASDASDGH-T2QWE9D123BTMB,Feature Phone,Phone,T-MOBILE
ASDASDASDGH-T2QWE9D123WTMB,Feature Phone,Phone,T-MOBILE
ASDASDASDGH-T255YK123TFN,Feature Phone,Phone,TRACFONE
ASDASDASDGH-T259HBBTMB,Feature Phone,Phone,T-MOBILE
ASDASDASDGH-T289MN123TMB,Feature Phone,Phone,T-MOBILE
ASDASDASDGH-T301YKGTRF,Feature Phone,Phone,Other
ASDASDASDGH-T329NASDASDASDBTMB,Feature Phone,Phone,T-MOBILE
ASDASDASDGH-T339B123123TMB,Feature Phone,Phone,T-MOBILE
ASDASDASDGH-T3QWE0ZK123TFN,Feature Phone,Phone,TRACFONE
ASDASDASDGH-T3QWE9123GWTMB,Feature Phone,Phone,T-MOBILE
ASDASDASDGH-T359FBBTMB,Feature Phone,Phone,T-MOBILE
ASDASDASDGH-T359FBWTMB,Feature Phone,Phone,T-MOBILE
ASDASDASDGH-T369ZKKTMB,Feature Phone,Phone,T-MOBILE
ASDASDASDGH-T369ZKWTMB,Feature Phone,Phone,T-MOBILE
ASDASDASDGH-T3ASD9T123BTMB,Feature Phone,Phone,T-MOBILE
ASDASDASDGH-T3ASD9U123BTMB,Feature Phone,Phone,T-MOBILE
ASDASDASDGH-T399DN123TMB,Alpha Light,Phone,T-MOBILE
ASDASDASDGH-TQWE01YKGNTT,Feature Phone,Phone,Other
ASDASDASDGH-TQWE01YKGASDASDASDTT,Feature Phone,Phone,Other
ASDASDASDGH-TQWE01YKGTRF,Feature Phone,Phone,Other
ASDASDASDGH-TQWE0QWEZK123TFN,Feature Phone,Phone,TRACFONE
ASDASDASDGH-TQWE29OBCTMB,Feature Phone,Phone,T-MOBILE
ASDASDASDGH-TQWE59BG123TMB,Feature Phone,Phone,T-MOBILE
ASDASDASDGH-TQWE59BGBTMB,Feature Phone,Phone,T-MOBILE
ASDASDASDGH-TQWE59BGFTMB,Feature Phone,Phone,T-MOBILE
ASDASDASDGH-TQWE59BGWTMB,Feature Phone,Phone,T-MOBILE
ASDASDASDGH-TQWE69D123123TMB,Feature Phone,Phone,T-MOBILE
ASDASDASDGH-TQWE69D123BTMB,Feature Phone,Phone,T-MOBILE
ASDASDASDGH-TQWE69RR123TMB,Feature Phone,Phone,T-MOBILE
ASDASDASDGH-TQWEASD9LGBTMB,Feature Phone,Phone,T-MOBILE
ASDASDASDGH-TQWEASD9OKBTMB,Feature Phone,Phone,T-MOBILE
ASDASDASDGH-TQWE99M123BTMB,Other Smartphone,Phone,T-MOBILE
ASDASDASDGH-TQWE99M123KTMB,Other Smartphone,Phone,T-MOBILE
ASDASDASDGH-TQWE99M123WTMB,Other Smartphone,Phone,T-MOBILE
ASDASDASDGH-T528DB123TFN,Feature Phone,Phone,TRACFONE
ASDASDASDGH-T559PP123TMB,Feature Phone,Phone,T-MOBILE
ASDASDASDGH-T559PPBTMB,Feature Phone,Phone,T-MOBILE
ASDASDASDGH-T559RR123TMB,Feature Phone,Phone,T-MOBILE
ASDASDASDGH-T589CRBTMB,Other Smartphone,Phone,T-MOBILE
ASDASDASDGH-T589H123BTMB,Other Smartphone,Phone,T-MOBILE
ASDASDASDGH-T589H123VTMB,Other Smartphone,Phone,T-MOBILE
ASDASDASDGH-T589HBBTMB,Other Smartphone,Phone,T-MOBILE
ASDASDASDGH-T599D123123TMB,Alpha Exhibit,Phone,T-MOBILE
ASDASDASDGH-T599E123123TMB,Alpha S III,Phone,T-MOBILE
ASDASDASDGH-T609PWBTMB,Feature Phone,Phone,T-MOBILE
ASDASDASDGH-T619ASDASDASDASDASDASDBTMB,Feature Phone,Phone,T-MOBILE
ASDASDASDGH-T669123123BTMB,Feature Phone,Phone,T-MOBILE
ASDASDASDGH-T6ASD9DBBTMB,Alpha Exhibit,Phone,T-MOBILE
ASDASDASDGH-T6ASD9DBWTMB,Alpha Exhibit II 4G,Phone,T-MOBILE
ASDASDASDGH-T699D123BTMB,Alpha Relay,Phone,T-MOBILE
ASDASDASDGH-TASD29ZKBTMB,Feature Phone,Phone,T-MOBILE
ASDASDASDGH-TASD39TASDASDASDBTMB,Feature Phone,Phone,T-MOBILE
ASDASDASDGH-TASDQWE9Z123123TMB,Feature Phone,Phone,T-MOBILE
ASDASDASDGH-TASDQWE9Z123BTMB,Feature Phone,Phone,T-MOBILE
ASDASDASDGH-TASDQWE9ZOBTMB,Feature Phone,Phone,T-MOBILE
ASDASDASDGH-TASD59ZKBTMB,Other Smartphone,Phone,T-MOBILE
ASDASDASDGH-TASD59ZPBTMB,Other Smartphone,Phone,T-MOBILE
ASDASDASDGH-TASD69NKBTMB,Alpha S Blaze,Phone,T-MOBILE
ASDASDASDGH-TASDASD9TASDASDASDBTMB,Alpha Tablet 2 10.1,Tablet,T-MOBILE
ASDASDASDGH-T839H123123TMB,Feature Phone,Phone,T-MOBILE
ASDASDASDGH-T839H123BTMB,Other Smartphone,Phone,T-MOBILE
ASDASDASDGH-T839PWBTMB,Other Smartphone,Phone,T-MOBILE
ASDASDASDGH-T8QWE9ZK123TMB,Alpha Tablet,Tablet,T-MOBILE
ASDASDASDGH-T8QWE9ZK123TMK,Alpha Tablet 7.0   ,Tablet,Other
ASDASDASDGH-T8QWE9ZKBTMB,Alpha Tablet,Tablet,T-MOBILE
ASDASDASDGH-T8QWE9ZKBTMK,Alpha Tablet,Tablet,Other
ASDASDASDGH-T8QWE9ZKDTMB,Alpha Tablet,Tablet,T-MOBILE
ASDASDASDGH-T8QWE9ZKDTMK,Alpha Tablet 7.0   ,Tablet,Other
ASDASDASDGH-T859UWBTMB,Alpha Tablet,Tablet,T-MOBILE
ASDASDASDGH-T859UWDTMB,Alpha Tablet 10.1,Tablet,T-MOBILE
ASDASDASDGH-T859UWYTMB,Alpha Tablet 10.1,Tablet,T-MOBILE
ASDASDASDGH-T869M123BTMB,Alpha Tablet,Tablet,T-MOBILE
ASDASDASDGH-T869M123YTMB,Alpha Tablet 7.0 Plus,Tablet,T-MOBILE
ASDASDASDGH-T8ASD9ZBBTMB,Alpha Beta   ,Phone,T-MOBILE
ASDASDASDGH-T889PASDASDASD123TMB,Alpha Beta II,Phone,T-MOBILE
ASDASDASDGH-T889TASDASDASD123TMB,Alpha Beta II,Phone,T-MOBILE
ASDASDASDGH-T889TASDASDASDDTMB,Alpha Beta II,Phone,T-MOBILE
ASDASDASDGH-T889ZW123TMB,Alpha Beta II,Phone,T-MOBILE
ASDASDASDGH-T889ZWDTMB,Alpha Beta II,Phone,T-MOBILE
ASDASDASDGH-T919CNBTMB,Feature Phone,Phone,T-MOBILE
ASDASDASDGH-T929ZK123TMB,Feature Phone,Phone,T-MOBILE
ASDASDASDGH-T939MN123TMB,Other Smartphone,Phone,T-MOBILE
ASDASDASDGH-T959H123BTMB,Alpha S,Phone,T-MOBILE
ASDASDASDGH-T959H123DTMB,Alpha X 123G,Phone,T-MOBILE
ASDASDASDGH-T959ZK123TMB,Alpha S,Phone,T-MOBILE
ASDASDASDGH-T959ZKBTMB,Alpha S,Phone,T-MOBILE
ASDASDASDGH-T959ZKBTMK,Other Smartphone,Phone,Other
ASDASDASDGH-T959ZKDTMB,Other Smartphone,Phone,T-MOBILE
ASDASDASDGH-T959ZKMTMB,Other Smartphone,Phone,T-MOBILE
ASDASDASDGH-T989123123BTMB,Alpha S II,Phone,T-MOBILE
ASDASDASDGH-T989123123DTMB,Alpha S II,Phone,T-MOBILE
ASDASDASDGH-T989ZKBTMB,Alpha S II,Phone,T-MOBILE
ASDASDASDGH-T989ZKDTLASDASDASD,Alpha S II X,Phone,Other
ASDASDASDGH-T989ZKDTMB,Alpha S II,Phone,T-MOBILE
ASDASDASDGH-T989ZKVTMB,Alpha S II,Phone,T-MOBILE
ASDASDASDGH-T989ZKYTMB,Alpha S II,Phone,T-MOBILE
ASDASDASDGH-T989ZWBTMB,Alpha S II,Phone,T-MOBILE
ASDASDASDGH-T999MB123TMB,Alpha S III,Phone,T-MOBILE
ASDASDASDGH-T999MBBTMB,Alpha S III,Phone,T-MOBILE
ASDASDASDGH-T999NB123TMB,Alpha S III,Phone,T-MOBILE
ASDASDASDGH-T999RW123TMB,Alpha S III,Phone,T-MOBILE
ASDASDASDGH-T999RWBTMB,Alpha S III,Phone,T-MOBILE
ASDASDASDGH-T999T123123TMB,Alpha S III,Phone,T-MOBILE
ASDASDASDGH-T999Z123123TMB,Alpha S III,Phone,T-MOBILE
ASDASDASDGH-T999ZW123TMB,Alpha S III,Phone,T-MOBILE
ASDASDASDM-B311VZKPVZW,Feature Phone,Phone,VERIZON
ASDASDASDM-BASD80123ZK123123TT,Other Smartphone,Phone,AT&T
ASDASDASDM-C105123ZW123123TT,Alpha X 123 Zoom,Phone,AT&T
ASDASDASDM-C105123ZW123TT,Alpha X 123,Phone,AT&T
ASDASDASDM-G386TRK123TMB,Alpha Avant,Phone,T-MOBILE
ASDASDASDM-G386TZK123TMB,Alpha Avant,Phone,T-MOBILE
ASDASDASDM-GASD30123MB123123TT,Alpha S III Mini,Phone,AT&T
ASDASDASDM-GASD30VMB123VZW,Alpha S III Mini,Phone,VERIZON
ASDASDASDM-GASD50123NK123123TT,Alpha Mega 2,Phone,AT&T
ASDASDASDM-G800123ZK123123TT,Alpha X 987 Mini,Phone,AT&T
ASDASDASDM-G800RZK123UASDASDASDC,Alpha X 987 Mini,Phone,US CELLULAR
ASDASDASDM-G800RZW123UASDASDASDC,Alpha X 987 Mini,Phone,US CELLULAR
ASDASDASDM-G850123ZDE123TT,Alpha Alpha,Phone,AT&T
ASDASDASDM-G850123ZKE123TT,Alpha Alpha,Phone,AT&T
ASDASDASDM-G850123ZWE123TT,Alpha Alpha,Phone,AT&T
ASDASDASDM-G860PZB123ASDASDASDPR,Alpha X 987,Phone,SPRINT
ASDASDASDM-G860PZK123ASDASDASDPR,Alpha X 987,Phone,SPRINT
ASDASDASDM-G860PZR123ASDASDASDPR,Alpha X 987,Phone,SPRINT
ASDASDASDM-G8ASD0123DGE123TT,Alpha X 987 Active,Phone,AT&T
ASDASDASDM-G8ASD0123GBE123TT,Alpha X 987 Active,Phone,AT&T
ASDASDASDM-G8ASD0123RRE123TT,Alpha X 987 Active,Phone,AT&T
ASDASDASDM-G8ASD0123TASDASDASDE123TT,Alpha X 987 Active,Phone,AT&T
ASDASDASDM-G900123ZD123123TT,Alpha X 987,Phone,AT&T
ASDASDASDM-G900123ZK123123TT,Alpha X 987,Phone,AT&T
ASDASDASDM-G900123ZK123TT,Alpha X 987,Phone,AT&T
ASDASDASDM-G900123ZKZ123IO,Alpha X 987,Phone,AIO
ASDASDASDM-G900123ZW123123TT,Alpha X 987,Phone,AT&T
ASDASDASDM-G900123ZW123TT,Alpha X 987,Phone,AT&T
ASDASDASDM-G900PZD123ASDASDASDPR,Alpha X 987,Phone,SPRINT
ASDASDASDM-G900PZK123ASDASDASDPR,Alpha X 987,Phone,SPRINT
ASDASDASDM-G900PZW123BASDASDASDT,Alpha X 987,Phone,BOOST MOBILE
ASDASDASDM-G900PZW123ASDASDASDPR,Alpha X 987,Phone,SPRINT
ASDASDASDM-G900PZW123VMU,Alpha X 987,Phone,VIRGIN MOBILE
ASDASDASDM-G900RZD123UASDASDASDC,Alpha X 987,Phone,US CELLULAR
ASDASDASDM-G900RZK123UASDASDASDC,Alpha X 987,Phone,US CELLULAR
ASDASDASDM-G900RZW123UASDASDASDC,Alpha X 987,Phone,US CELLULAR
ASDASDASDM-G900TRK123TMB,Alpha X 987,Phone,T-MOBILE
ASDASDASDM-G900TZD123TMB,Alpha X 987,Phone,T-MOBILE
ASDASDASDM-G900TZK123TMB,Alpha X 987,Phone,T-MOBILE
ASDASDASDM-G900TZW123TMB,Alpha X 987,Phone,T-MOBILE
ASDASDASDM-G900VZB123VZW,Alpha X 987,Phone,VERIZON
ASDASDASDM-G900VZD123VZW,Alpha X 987,Phone,VERIZON
ASDASDASDM-G900VZK123VZW,Alpha X 987,Phone,VERIZON
ASDASDASDM-G900VZW123VZW,Alpha X 987,Phone,VERIZON
ASDASDASDM-G920123ZD123123TT,Alpha Z 7,Phone,AT&T
ASDASDASDM-G920123ZDE123TT,Alpha Z 7,Phone,AT&T
ASDASDASDM-G920123ZDF123TT,Alpha Z 7,Phone,AT&T
ASDASDASDM-G920123ZK123123TT,Alpha Z 7,Phone,AT&T
ASDASDASDM-G920123ZKE123TT,Alpha Z 7,Phone,AT&T
ASDASDASDM-G920123ZKF123TT,Alpha Z 7,Phone,AT&T
ASDASDASDM-G920123ZW123123TT,Alpha Z 7,Phone,AT&T
ASDASDASDM-G920123ZWE123TT,Alpha Z 7,Phone,AT&T
ASDASDASDM-G920123ZWF123TT,Alpha Z 7,Phone,AT&T
ASDASDASDM-G920PZD123ASDASDASDPR,Alpha Z 7,Phone,SPRINT
ASDASDASDM-G920PZDEASDASDASDPR,Alpha Z 7,Phone,SPRINT
ASDASDASDM-G920PZDFASDASDASDPR,Alpha Z 7,Phone,SPRINT
ASDASDASDM-G920PZK123ASDASDASDPR,Alpha Z 7,Phone,SPRINT
ASDASDASDM-G920PZKEASDASDASDPR,Alpha Z 7,Phone,SPRINT
ASDASDASDM-G920PZW123ASDASDASDPR,Alpha Z 7,Phone,SPRINT
ASDASDASDM-G920PZWEASDASDASDPR,Alpha Z 7,Phone,SPRINT
ASDASDASDM-G920PZWFASDASDASDPR,Alpha Z 7,Phone,SPRINT
ASDASDASDM-G920PZWFASDASDASDPR,Alpha Z 7,Phone,SPRINT
ASDASDASDM-G920RZK123UASDASDASDC,Alpha Z 7,Phone,US CELLULAR
ASDASDASDM-G920RZKEUASDASDASDC,Alpha Z 7,Phone,US CELLULAR
ASDASDASDM-G920RZKFUASDASDASDC,Alpha Z 7,Phone,US CELLULAR
ASDASDASDM-G920RZW123UASDASDASDC,Alpha Z 7,Phone,US CELLULAR
ASDASDASDM-G920RZWEUASDASDASDC,Alpha Z 7,Phone,US CELLULAR
ASDASDASDM-G920RZWFUASDASDASDC,Alpha Z 7,Phone,US CELLULAR
ASDASDASDM-G920TZD123TMB,Alpha Z 7,Phone,T-MOBILE
ASDASDASDM-G920TZDETMB,Alpha Z 7,Phone,T-MOBILE
ASDASDASDM-G920TZDFTMB,Alpha Z 7,Phone,T-MOBILE
ASDASDASDM-G920TZK123TMB,Alpha Z 7,Phone,T-MOBILE
ASDASDASDM-G920TZKETMB,Alpha Z 7,Phone,T-MOBILE
ASDASDASDM-G920TZKFTMB,Alpha Z 7,Phone,T-MOBILE
ASDASDASDM-G920TZW123TMB,Alpha Z 7,Phone,T-MOBILE
ASDASDASDM-G920TZWETMB,Alpha Z 7,Phone,T-MOBILE
ASDASDASDM-G920TZWFTMB,Alpha Z 7,Phone,T-MOBILE
ASDASDASDM-G920VZK123VZW,Alpha Z 7,Phone,VERIZON
ASDASDASDM-G920VZKEVZW,Alpha Z 7,Phone,VERIZON
ASDASDASDM-G920VZKFVZW,Alpha Z 7,Phone,VERIZON
ASDASDASDM-G920VZW123VZW,Alpha Z 7,Phone,VERIZON
ASDASDASDM-G920VZWEVZW,Alpha Z 7,Phone,VERIZON
ASDASDASDM-G920VZWFVZW,Alpha Z 7,Phone,VERIZON
ASDASDASDM-G925123ZD123123TT,Alpha Z 7 edge,Phone,AT&T
ASDASDASDM-G925123ZDE123TT,Alpha Z 7 edge,Phone,AT&T
ASDASDASDM-G925123ZDF123TT,Alpha Z 7 edge,Phone,AT&T
ASDASDASDM-G925123ZK123123TT,Alpha Z 7 edge,Phone,AT&T
ASDASDASDM-G925123ZKE123TT,Alpha Z 7 edge,Phone,AT&T
ASDASDASDM-G925123ZKF123TT,Alpha Z 7 edge,Phone,AT&T
ASDASDASDM-G925123ZW123123TT,Alpha Z 7 edge,Phone,AT&T
ASDASDASDM-G925123ZWE123TT,Alpha Z 7 edge,Phone,AT&T
ASDASDASDM-G925123ZWF123TT,Alpha Z 7 edge,Phone,AT&T
ASDASDASDM-G925PZD123ASDASDASDPR,Alpha Z 7 edge,Phone,SPRINT
ASDASDASDM-G925PZDEASDASDASDPR,Alpha Z 7 edge,Phone,SPRINT
ASDASDASDM-G925PZDFASDASDASDPR,Alpha Z 7 edge,Phone,SPRINT
ASDASDASDM-G925PZK123ASDASDASDPR,Alpha Z 7 edge,Phone,SPRINT
ASDASDASDM-G925PZKEASDASDASDPR,Alpha Z 7 edge,Phone,SPRINT
ASDASDASDM-G925PZKFASDASDASDPR,Alpha Z 7 edge,Phone,SPRINT
ASDASDASDM-G925PZW123ASDASDASDPR,Alpha Z 7 edge,Phone,SPRINT
ASDASDASDM-G925PZWEASDASDASDPR,Alpha Z 7 edge,Phone,SPRINT
ASDASDASDM-G925PZWFASDASDASDPR,Alpha Z 7 edge,Phone,SPRINT
ASDASDASDM-G925RZK123UASDASDASDC,Alpha Z 7 edge,Phone,US CELLULAR
ASDASDASDM-G925RZKEUASDASDASDC,Alpha Z 7 edge,Phone,US CELLULAR
ASDASDASDM-G925RZKFUASDASDASDC,Alpha Z 7 edge,Phone,US CELLULAR
ASDASDASDM-G925RZW123UASDASDASDC,Alpha Z 7 edge,Phone,US CELLULAR
ASDASDASDM-G925RZWEUASDASDASDC,Alpha Z 7 edge,Phone,US CELLULAR
ASDASDASDM-G925RZWFUASDASDASDC,Alpha Z 7 edge,Phone,US CELLULAR
ASDASDASDM-G925TZD123TMB,Alpha Z 7 edge,Phone,T-MOBILE
ASDASDASDM-G925TZDETMB,Alpha Z 7 edge,Phone,T-MOBILE
ASDASDASDM-G925TZDFTMB,Alpha Z 7 edge,Phone,T-MOBILE
ASDASDASDM-G925TZK123TMB,Alpha Z 7 edge,Phone,T-MOBILE
ASDASDASDM-G925TZKETMB,Alpha Z 7 edge,Phone,T-MOBILE
ASDASDASDM-G925TZKFTMB,Alpha Z 7 edge,Phone,T-MOBILE
ASDASDASDM-G925TZW123TMB,Alpha Z 7 edge,Phone,T-MOBILE
ASDASDASDM-G925TZWETMB,Alpha Z 7 edge,Phone,T-MOBILE
ASDASDASDM-G925TZWFTMB,Alpha Z 7 edge,Phone,T-MOBILE
ASDASDASDM-G925VZK123VZW,Alpha Z 7 edge,Phone,VERIZON
ASDASDASDM-G925VZKEVZW,Alpha Z 7 edge,Phone,VERIZON
ASDASDASDM-G925VZKFVZW,Alpha Z 7 edge,Phone,VERIZON
ASDASDASDM-G925VZW123VZW,Alpha Z 7 edge,Phone,VERIZON
ASDASDASDM-G925VZWEVZW,Alpha Z 7 edge,Phone,VERIZON
ASDASDASDM-G925VZWFVZW,Alpha Z 7 edge,Phone,VERIZON
ASDASDASDM-N900123ZKE123TT,Alpha Beta 3,Phone,AT&T
ASDASDASDM-N900123ZWE123TT,Alpha Beta 3,Phone,AT&T
ASDASDASDM-N900PZKEASDASDASDPR,Alpha Beta 3,Phone,SPRINT
ASDASDASDM-N900PZWEASDASDASDPR,Alpha Beta 3,Phone,SPRINT
ASDASDASDM-N900RZKEUASDASDASDC,Alpha Beta 3,Phone,US CELLULAR
ASDASDASDM-N900TZKETMB,Alpha Beta 3,Phone,T-MOBILE
ASDASDASDM-N900TZWETMB,Alpha Beta 3,Phone,T-MOBILE
ASDASDASDM-N900VMKEVZW,Alpha Beta 3,Phone,VERIZON
ASDASDASDM-N900VWDEVZW,Alpha Beta 3,Phone,VERIZON
ASDASDASDM-N900VZKEVZW,Alpha Beta 3,Phone,VERIZON
ASDASDASDM-N900VZWEVZW,Alpha Beta 3,Phone,VERIZON
ASDASDASDM-N910123ZKE123TT,Alpha Beta 4,Phone,AT&T
ASDASDASDM-N910123ZWE123TT,Alpha Beta 4,Phone,AT&T
ASDASDASDM-N910PZKEASDASDASDPR,Alpha Beta 4,Phone,SPRINT
ASDASDASDM-N910PZWEASDASDASDPR,Alpha Beta 4,Phone,SPRINT
ASDASDASDM-N910RZKEUASDASDASDC,Alpha Beta 4,Phone,US CELLULAR
ASDASDASDM-N910TZKETMB,Alpha Beta 4,Phone,T-MOBILE
ASDASDASDM-N910TZWETMB,Alpha Beta 4,Phone,T-MOBILE
ASDASDASDM-N910VZKEVZW,Alpha Beta 4,Phone,VERIZON
ASDASDASDM-N910VZWEVZW,Alpha Beta 4,Phone,VERIZON
ASDASDASDM-N915123ZKE123TT,Alpha Beta 4 Edge,Phone,AT&T
ASDASDASDM-N915123ZWE123TT,Alpha Beta 4 Edge,Phone,AT&T
ASDASDASDM-N915PZKEASDASDASDPR,Alpha Beta 4 Edge,Phone,SPRINT
ASDASDASDM-N915PZWEASDASDASDPR,Alpha Beta 4 Edge,Phone,SPRINT
ASDASDASDM-N915TZKETMB,Alpha Beta 4 Edge,Phone,T-MOBILE
ASDASDASDM-N915TZWETMB,Alpha Beta 4 Edge,Phone,T-MOBILE
ASDASDASDM-N915VZKEVZW,Alpha Beta 4 Edge,Phone,VERIZON
ASDASDASDM-N915VZWEVZW,Alpha Beta 4 Edge,Phone,VERIZON
ASDASDASDM-P6000ZKPX123R,Alpha Beta 10.1 2014 Edition,Tablet,Other
ASDASDASDM-P6000ZKVX123R,Alpha Beta 10.1 2014 Edition,Tablet,Other
ASDASDASDM-P6000ZKYX123R,Alpha Beta 10.1 2014 Edition,Tablet,Other
ASDASDASDM-P6000ZWVX123R,Alpha Beta 10.1 2014 Edition,Tablet,Other
ASDASDASDM-P6000ZWYX123R,Alpha Beta 10.1 2014 Edition,Tablet,Other
ASDASDASDM-P605VZKEVZW,Alpha Beta 10.1 2014 Edition,Tablet,VERIZON
ASDASDASDM-P60ASDTZKETMB,Alpha Beta 10.1 2014,Tablet,T-MOBILE
ASDASDASDM-P9000ZKFX123R,Alpha Beta Pro 12.2,Tablet,Other
ASDASDASDM-P9000ZKVX123R,Alpha Beta Pro 12.2,Tablet,Other
ASDASDASDM-P9000ZWFX123R,Alpha Beta Pro 12.2,Tablet,Other
ASDASDASDM-P9000ZWVX123R,Alpha Beta Pro 12.2,Tablet,Other
ASDASDASDM-P9000ZWYX123R,Alpha Beta Pro 12.2,Tablet,Other
ASDASDASDM-P905VZK123VZW,Alpha Beta Pro 12.2,Tablet,VERIZON
ASDASDASDM-P90ASD123ZK123123TT,Alpha Beta Pro 12.2,Tablet,AT&T
ASDASDASDM-R130NZB123X123R,Alpha Gear Circle,Other,Other
ASDASDASDM-R130NZK123X123R,Alpha Gear Circle,Other,Other
ASDASDASDM-R130NZW123X123R,Alpha Gear Circle,Other,Other
ASDASDASDM-R320NPW123X123R,Alpha Gear VR,Other,Other
ASDASDASDM-R3500ZK123X123R,Alpha Gear Fit,Other,Other
ASDASDASDM-R3800GN123X123R,Alpha Gear 2,Other,Other
ASDASDASDM-R3800MO123X123R,Alpha Gear 2,Other,Other
ASDASDASDM-R3800VASDASDASD123X123R,Alpha Gear 2,Other,Other
ASDASDASDM-R3810Z123123X123R,Alpha Gear 2 Neo,Other,Other
ASDASDASDM-R3810ZK123X123R,Alpha Gear 2 Neo,Other,Other
ASDASDASDM-R3810ZO123X123R,Alpha Gear 2 Neo,Other,Other
ASDASDASDM-R3820WR123X123R,Alpha Gear Live,Other,Other
ASDASDASDM-R3820ZK123X123R,Alpha Gear Live,Other,Other
ASDASDASDM-RASD50123ZK123123TT,Alpha Gear S,Other,AT&T
ASDASDASDM-RASD50123ZW123123TT,Alpha Gear S,Other,AT&T
ASDASDASDM-RASD50PZK123ASDASDASDPR,Alpha Gear S,Other,SPRINT
ASDASDASDM-RASD50PZW123ASDASDASDPR,Alpha Gear S,Other,SPRINT
ASDASDASDM-RASD50RZK123UASDASDASDC,Alpha Gear S,Other,US CELLULAR
ASDASDASDM-RASD50RZW123UASDASDASDC,Alpha Gear S,Other,US CELLULAR
ASDASDASDM-RASD50TZK123TMB,Alpha Gear S,Other,T-MOBILE
ASDASDASDM-RASD50TZW123TMB,Alpha Gear S,Other,T-MOBILE
ASDASDASDM-RASD50VZK123VZW,Alpha Gear S,Other,VERIZON
ASDASDASDM-RASD50VZW123VZW,Alpha Gear S,Other,VERIZON
ASDASDASDM-ASDASDASDASD65CZ123123TFN,Feature Phone,Phone,TRACFONE
ASDASDASDM-ASDASDASD890LZK123TFN,Alpha X 123 Mini,Phone,TRACFONE
ASDASDASDM-ASDASDASD9ASD5LZK123TFN,Alpha X 123,Phone,TRACFONE
ASDASDASDM-T110NDW123X123R,Alpha Tablet 3 Lite,Tablet,Other
ASDASDASDM-T110NDWMX123R,Alpha Tablet 3 Lite,Tablet,Other
ASDASDASDM-T110NYK123X123R,Alpha Tablet 3 Lite,Tablet,Other
ASDASDASDM-T2105GY123X123R,Alpha Tablet 3 7.0 Kids,Tablet,Other
ASDASDASDM-T2105GYYX123R,Alpha Tablet 3 7.0 Kids,Tablet,Other
ASDASDASDM-T210RGNYX123R,Alpha Tablet 3 7.0,Tablet,Other
ASDASDASDM-T210RGRASDASDASDX123R,Alpha Tablet 3 Garnet Red,Tablet,Other
ASDASDASDM-T210RGRYX123R,Alpha Tablet 3 Garnet Red,Tablet,Other
ASDASDASDM-T210RMKYX123R,Alpha Tablet 3 Best Buy,Tablet,Other
ASDASDASDM-T210RWYX123R,Alpha Tablet 3 Garnet Red,Tablet,Other
ASDASDASDM-T210RZW123X123C,Alpha Tablet 3 7.0,Tablet,Other
ASDASDASDM-T210RZWRX123R,Alpha Tablet 3 7.0,Tablet,Other
ASDASDASDM-T210RZWASDASDASDX123R,Alpha Tablet 3 7.0,Tablet,Other
ASDASDASDM-T210RZWUX123R,Alpha Tablet 3 7.0,Tablet,Other
ASDASDASDM-T210RZWYX123R,Alpha Tablet 3 7.0,Tablet,Other
ASDASDASDM-T21ASD123ZK123123TT,Alpha Tablet 3 7.0,Tablet,AT&T
ASDASDASDM-T21ASDASDASDASDZK123ASDASDASDPR,Alpha Tablet 3 7.0,Tablet,SPRINT
ASDASDASDM-T21ASDASDASDASDZW123ASDASDASDPR,Alpha Tablet 3 7.0,Tablet,SPRINT
ASDASDASDM-T21ASDTMK123TMB,Alpha Tablet 3 7.0,Tablet,T-MOBILE
ASDASDASDM-T230NYK123X123R,Alpha Tablet 4 7.0,Tablet,Other
ASDASDASDM-T230NYKMX123R,Alpha Tablet 4 7.0,Tablet,Other
ASDASDASDM-T230NYKUX123R,Alpha Tablet 4 7.0,Tablet,Other
ASDASDASDM-T230NZW123X123R,Alpha Tablet 4 7.0,Tablet,Other
ASDASDASDM-T230NZWASDASDASDX123R,Alpha Tablet 4 7.0,Tablet,Other
ASDASDASDM-T230NZWUX123R,Alpha Tablet 4 7.0,Tablet,Other
ASDASDASDM-T23ASDPYK123ASDASDASDPR,Alpha Tablet 4 7.0,Tablet,SPRINT
ASDASDASDM-T23ASDPZW123ASDASDASDPR,Alpha Tablet 4 7.0,Tablet,SPRINT
ASDASDASDM-T3100GNYX123R,Alpha Tablet 3 8.0,Tablet,Other
ASDASDASDM-T3100ZW123X123C,Alpha Tablet 3 8.0,Tablet,Other
ASDASDASDM-T3100ZWASDASDASDX123R,Alpha Tablet 3 8.0,Tablet,Other
ASDASDASDM-T3100ZWUX123R,Alpha Tablet 3 8.0,Tablet,Other
ASDASDASDM-T3100ZWYX123R,Alpha Tablet 3 8.0,Tablet,Other
ASDASDASDM-T320NZK123X123R,Alpha Tablet Pro 8.4,Tablet,Other
ASDASDASDM-T320NZKEX123R,Alpha Tablet Pro 8.4,Tablet,Other
ASDASDASDM-T320NZW123X123R,Alpha Tablet Pro 8.4,Tablet,Other
ASDASDASDM-T320NZWEX123R,Alpha Tablet Pro 8.4,Tablet,Other
ASDASDASDM-T330NDW123X123R,Alpha Tablet 4 8.0,Tablet,Other
ASDASDASDM-T330NYK123X123R,Alpha Tablet 4 8.0,Tablet,Other
ASDASDASDM-T330NZW123X123R,Alpha Tablet 4 8.0,Tablet,Other
ASDASDASDM-T330NZWMX123R,Alpha Tablet 4 8.0,Tablet,Other
ASDASDASDM-T330NZWASDASDASDX123R,Alpha Tablet 4 8.0,Tablet,Other
ASDASDASDM-T33ASD123ZW123123TT,Alpha Tablet 4 8.0,Tablet,AT&T
ASDASDASDM-T33ASDTZW123TMB,Alpha Tablet 4 8.0,Tablet,T-MOBILE
ASDASDASDM-T33ASDVYK123VZW,Alpha Tablet 4 8.0,Tablet,VERIZON
ASDASDASDM-T33ASDVZK123VZW,Alpha Tablet 4 8.0,Tablet,VERIZON
ASDASDASDM-T33ASDVZW123VZW,Alpha Tablet 4 8.0,Tablet,VERIZON
ASDASDASDM-T399NRN123TMB,Alpha Light,Phone,T-MOBILE
ASDASDASDM-T520NZK123X123R,Alpha Tablet Pro 10.1,Tablet,Other
ASDASDASDM-T520NZKEX123R,Alpha Tablet Pro 10.1,Tablet,Other
ASDASDASDM-T520NZW123X123R,Alpha Tablet Pro 10.1,Tablet,Other
ASDASDASDM-T520NZWEX123R,Alpha Tablet Pro 10.1,Tablet,Other
ASDASDASDM-T530NYK123X123R,Alpha Tablet 4 10.1,Tablet,Other
ASDASDASDM-T530NZW123X123R,Alpha Tablet 4 10.1,Tablet,Other
ASDASDASDM-T530NZWMX123R,Alpha Tablet 10.1,Tablet,Other
ASDASDASDM-T530NZWASDASDASDX123R,Alpha Tablet 10.1,Tablet,Other
ASDASDASDM-T53ASD123YK123123TT,Alpha Tablet 4 10.1,Tablet,AT&T
ASDASDASDM-T53ASDRYK123UASDASDASDC,Alpha Tablet 4 10.1,Tablet,US CELLULAR
ASDASDASDM-T53ASDRZW123UASDASDASDC,Alpha Tablet 4 10.1,Tablet,US CELLULAR
ASDASDASDM-T53ASDVYK123VZW,Alpha Tablet 4 10.1,Tablet,VERIZON
ASDASDASDM-T53ASDVZW123VZW,Alpha Tablet 4 10.1,Tablet,VERIZON
ASDASDASDM-TASD00NTASDASDASD123X123R,Alpha Tablet S 8.4,Tablet,Other
ASDASDASDM-TASD00NZW123X123R,Alpha Tablet S 8.4,Tablet,Other
ASDASDASDM-TASD0ASD123H123123123TT,Alpha Tablet S 8.4,Tablet,AT&T
ASDASDASDM-TASD0ASDVTASDASDASD123VZW,Alpha Tablet S 8.4,Tablet,VERIZON
ASDASDASDM-TASD0ASDVZW123VZW,Alpha Tablet S 8.4,Tablet,VERIZON
ASDASDASDM-T800NTASDASDASD123X123R,Alpha Tablet S 10.5,Tablet,Other
ASDASDASDM-T800NTASDASDASDEX123R,Alpha Tablet S 10.5,Tablet,Other
ASDASDASDM-T800NTASDASDASDASDASDASDX123R,Alpha Tablet S 10.5,Tablet,Other
ASDASDASDM-T800NZW123X123R,Alpha Tablet S 10.5,Tablet,Other
ASDASDASDM-T80ASD123H123123123TT,Alpha Tablet S 10.5,Tablet,AT&T
ASDASDASDM-T80ASDPTASDASDASD123ASDASDASDPR,Alpha Tablet S 10.5,Tablet,SPRINT
ASDASDASDM-T80ASDRTASDASDASD123UASDASDASDC,Alpha Tablet S 10.5,Tablet,US CELLULAR
ASDASDASDM-T80ASDRZW123UASDASDASDC,Alpha Tablet S 10.5,Tablet,US CELLULAR
ASDASDASDM-T80ASDTTASDASDASDASDASDASD123TMB,Alpha Tablet S 10.5,Tablet,T-MOBILE
ASDASDASDM-T80ASDVZW123VZW,Alpha Tablet S 10.5,Tablet,VERIZON
ASDASDASDM-T9000ZK123X123R,Alpha Tablet Pro 12.2,Tablet,Other
ASDASDASDM-T9000ZKCX123R,Alpha Tablet Pro 12.2,Tablet,Other
ASDASDASDM-T9000ZKYX123R,Alpha Tablet Pro 12.2,Tablet,Other
ASDASDASDM-T9000ZW123X123R,Alpha Tablet Pro 12.2,Tablet,Other
ASDASDASDM-T9000ZWMX123R,Alpha Tablet Pro 12.2,Tablet,Other
ASDASDASDM-T9000ZWYX123R,Alpha Tablet Pro 12.2,Tablet,Other
ASDASDASDM-V100TZK123TMB,Biscotto,Other,T-MOBILE
ASDASDASDM-VASD000WD123X123R,Alpha Gear,Other,Other
ASDASDASDM-VASD000Z123123X123R,Alpha Gear,Other,Other
ASDASDASDM-VASD000ZG123X123R,Alpha Gear,Other,Other
ASDASDASDM-VASD000ZK123X123R,Alpha Gear,Other,Other
ASDASDASDM-VASD000ZO123X123R,Alpha Gear,Other,Other
ASDASDASDM-VASD000ZW123X123R,Alpha Gear,Other,Other
ASDASDASDM-WASD50VMASDASDASD123VZW,ATIV SE,Phone,VERIZON
ASDASDASDPH-123310D123123DYN,Feature Phone,Phone,GREAT CALL
ASDASDASDPH-123310ZR123DYN,Feature Phone,Phone,GREAT CALL
ASDASDASDPH-123QWE20T123123ASDASDASDPR,Feature Phone,Phone,SPRINT
ASDASDASDPH-123560123BASDASDASDX123R,Feature Phone,Phone,Other
ASDASDASDPH-123580ZK123ASDASDASDPR,Feature Phone,Phone,SPRINT
ASDASDASDPH-1236QWE0ZK123ASDASDASDPR,Feature Phone,Phone,SPRINT
ASDASDASDPH-123680ASDASDASDASDASDASDASDASDASDX123R,Feature Phone,Phone,Other
ASDASDASDPH-123ASDQWE0DASDASDASDASDASDASDX123R,Feature Phone,Phone,Other
ASDASDASDPH-123800IASDASDASDASDASDASDX123R,Feature Phone,Phone,Other
ASDASDASDPH-1238QWE0ZKASDASDASDX123R,Feature Phone,Phone,Other
ASDASDASDPH-123880TASDASDASDASDASDASDX123R,Feature Phone,Phone,Other
ASDASDASDPH-123900PK123ASDASDASDPR,Feature Phone,Phone,SPRINT
ASDASDASDPH-123900ZKASDASDASDX123R,Feature Phone,Phone,Other
ASDASDASDPH-1239QWE0LASDASDASDASDASDASDX123R,Feature Phone,Phone,Other
ASDASDASDPH-D600ZK123ASDASDASDPR,Other Smartphone,Phone,SPRINT
ASDASDASDPH-DASD00ZK123ASDASDASDPR,Alpha S,Phone,SPRINT
ASDASDASDPH-DASD00ZKOASDASDASDPR,Other Smartphone,Phone,SPRINT
ASDASDASDPH-DASD00ZKXASDASDASDPR,Other Smartphone,Phone,SPRINT
ASDASDASDPH-DASD10123123123BASDASDASDT,Alpha S II,Phone,BOOST MOBILE
ASDASDASDPH-DASD10123123123ASDASDASDPR,Alpha S II,Phone,SPRINT
ASDASDASDPH-DASD10123123123VMU,Alpha S II,Phone,VIRGIN MOBILE
ASDASDASDPH-DASD10ZK123BASDASDASDT,Alpha S II,Phone,BOOST MOBILE
ASDASDASDPH-DASD10ZK123ASDASDASDPR,Alpha S II,Phone,SPRINT
ASDASDASDPH-DASD10ZK123VMU,Alpha S II,Phone,VIRGIN MOBILE
ASDASDASDPH-DASD10ZKXASDASDASDPR,Alpha S II,Phone,SPRINT
ASDASDASDPH-DASD10ZW123BASDASDASDT,Alpha S II,Phone,BOOST MOBILE
ASDASDASDPH-DASD10ZW123ASDASDASDPR,Alpha S II,Phone,SPRINT
ASDASDASDPH-DASD10ZW123VMU,Alpha S II,Phone,VIRGIN MOBILE
ASDASDASDPH-DASD20ZK123ASDASDASDPR,Other Smartphone,Phone,SPRINT
ASDASDASDPH-I350DLASDASDASDASDASDASDPR,Other Smartphone,Phone,SPRINT
ASDASDASDPH-I800HN123ASDASDASDPR,Other Smartphone,Phone,SPRINT
ASDASDASDPH-L300ZASDASDASD123ASDASDASDPR,Alpha Victory,Phone,SPRINT
ASDASDASDPH-L300ZASDASDASD123VMU,Alpha Victory,Phone,VIRGIN MOBILE
ASDASDASDPH-L500M123123ASDASDASDPR,Other Smartphone,Phone,SPRINT
ASDASDASDPH-L500ZW123ASDASDASDPR,Other Smartphone,Phone,SPRINT
ASDASDASDPH-L520ZK123ASDASDASDPR,Alpha X 123 Mini,Phone,SPRINT
ASDASDASDPH-L520ZKPASDASDASDPR,Alpha X 123 Mini,Phone,SPRINT
ASDASDASDPH-L520ZW123ASDASDASDPR,Alpha X 123 Mini,Phone,SPRINT
ASDASDASDPH-L600ZK123ASDASDASDPR,Alpha Mega   ,Phone,SPRINT
ASDASDASDPH-L600ZW123ASDASDASDPR,Alpha Mega   ,Phone,SPRINT
ASDASDASDPH-LASD00ZK123ASDASDASDPR,Alpha Theta,Phone,SPRINT
ASDASDASDPH-LASD10MB123ASDASDASDPR,Alpha S III,Phone,SPRINT
ASDASDASDPH-LASD10MBBASDASDASDPR,Alpha S III,Phone,SPRINT
ASDASDASDPH-LASD10RW123ASDASDASDPR,Alpha S III,Phone,SPRINT
ASDASDASDPH-LASD10RWBBASDASDASDT,Alpha S III,Phone,BOOST MOBILE
ASDASDASDPH-LASD10RWBASDASDASDPR,Alpha S III,Phone,SPRINT
ASDASDASDPH-LASD10RWBVMU,Alpha S III,Phone,VIRGIN MOBILE
ASDASDASDPH-LASD10RWPASDASDASDPR,Alpha S III,Phone,SPRINT
ASDASDASDPH-LASD10ZPBASDASDASDPR,Alpha S III,Phone,SPRINT
ASDASDASDPH-LASD20ZB123ASDASDASDPR,Alpha X 123,Phone,SPRINT
ASDASDASDPH-LASD20ZK123ASDASDASDPR,Alpha X 123,Phone,SPRINT
ASDASDASDPH-LASD20ZP123ASDASDASDPR,Alpha X 123,Phone,SPRINT
ASDASDASDPH-LASD20ZW123ASDASDASDPR,Alpha X 123,Phone,SPRINT
ASDASDASDPH-L900TASDASDASD123ASDASDASDPR,Alpha Beta II,Phone,SPRINT
ASDASDASDPH-L900ZW123ASDASDASDPR,Alpha Beta II,Phone,SPRINT
ASDASDASDPH-M220D123123ASDASDASDPR,Feature Phone,Phone,SPRINT
ASDASDASDPH-M2QWE0ZK123ASDASDASDPR,Feature Phone,Phone,SPRINT
ASDASDASDPH-M260ZK123BASDASDASDT,Feature Phone,Phone,BOOST MOBILE
ASDASDASDPH-M2ASD0ZK123VMU,Feature Phone,Phone,VIRGIN MOBILE
ASDASDASDPH-M300ZR123ASDASDASDPR,Feature Phone,Phone,SPRINT
ASDASDASDPH-M310ZK123VMU,Feature Phone,Phone,VIRGIN MOBILE
ASDASDASDPH-M320ZASDASDASD123ASDASDASDPR,Feature Phone,Phone,SPRINT
ASDASDASDPH-M320ZASDASDASDXASDASDASDPR,Feature Phone,Phone,SPRINT
ASDASDASDPH-M330ZW123ASDASDASDPR,Feature Phone,Phone,SPRINT
ASDASDASDPH-M3QWE0NK123VMU,Feature Phone,Phone,VIRGIN MOBILE
ASDASDASDPH-M3QWE0ZP123VMU,Feature Phone,Phone,VIRGIN MOBILE
ASDASDASDPH-M350TI123ASDASDASDPR,Feature Phone,Phone,SPRINT
ASDASDASDPH-M350ZK123BASDASDASDT,Feature Phone,Phone,BOOST MOBILE
ASDASDASDPH-M350ZK123ASDASDASDPR,Feature Phone,Phone,SPRINT
ASDASDASDPH-M350ZKXBASDASDASDT,Feature Phone,Phone,BOOST MOBILE
ASDASDASDPH-M350ZKXASDASDASDPR,Feature Phone,Phone,SPRINT
ASDASDASDPH-M350ZR123BASDASDASDT,Feature Phone,Phone,BOOST MOBILE
ASDASDASDPH-M350ZR123ASDASDASDPR,Feature Phone,Phone,SPRINT
ASDASDASDPH-M360ZK123ASDASDASDPR,Feature Phone,Phone,SPRINT
ASDASDASDPH-M3ASD0B123123ASDASDASDPR,Feature Phone,Phone,SPRINT
ASDASDASDPH-M380ZK123ASDASDASDPR,Feature Phone,Phone,SPRINT
ASDASDASDPH-M380ZV123ASDASDASDPR,Feature Phone,Phone,SPRINT
ASDASDASDPH-M390ZK123BASDASDASDT,Feature Phone,Phone,BOOST MOBILE
ASDASDASDPH-M390ZASDASDASD123ASDASDASDPR,Feature Phone,Phone,SPRINT
ASDASDASDPH-M390ZASDASDASD123VMU,Feature Phone,Phone,VIRGIN MOBILE
ASDASDASDPH-M390ZASDASDASDWVMU,Other Smartphone,Phone,VIRGIN MOBILE
ASDASDASDPH-MQWE00MASDASDASD123ASDASDASDPR,Feature Phone,Phone,SPRINT
ASDASDASDPH-M520ZASDASDASD123ASDASDASDPR,Feature Phone,Phone,SPRINT
ASDASDASDPH-M5QWE0ZK123ASDASDASDPR,Feature Phone,Phone,SPRINT
ASDASDASDPH-M5QWE0ZR123BASDASDASDT,Feature Phone,Phone,BOOST MOBILE
ASDASDASDPH-M5QWE0ZR123ASDASDASDPR,Feature Phone,Phone,SPRINT
ASDASDASDPH-M550CR123ASDASDASDPR,Feature Phone,Phone,SPRINT
ASDASDASDPH-M550WASDASDASD123ASDASDASDPR,Feature Phone,Phone,SPRINT
ASDASDASDPH-M550ZK123ASDASDASDPR,Feature Phone,Phone,SPRINT
ASDASDASDPH-M560GN123ASDASDASDPR,Feature Phone,Phone,SPRINT
ASDASDASDPH-M560Z123123ASDASDASDPR,Feature Phone,Phone,SPRINT
ASDASDASDPH-M5ASD0EG123ASDASDASDPR,Feature Phone,Phone,SPRINT
ASDASDASDPH-M5ASD0ZK123ASDASDASDPR,Feature Phone,Phone,SPRINT
ASDASDASDPH-M5ASD5ZK123VMU,Feature Phone,Phone,VIRGIN MOBILE
ASDASDASDPH-M5ASD5ZKBVMU,Feature Phone,Phone,VIRGIN MOBILE
ASDASDASDPH-M580CR123ASDASDASDPR,Other Smartphone,Phone,SPRINT
ASDASDASDPH-M580ZB123ASDASDASDPR,Other Smartphone,Phone,SPRINT
ASDASDASDPH-M580ZK123BASDASDASDT,Other Smartphone,Phone,BOOST MOBILE
ASDASDASDPH-M580ZK123ASDASDASDPR,Other Smartphone,Phone,SPRINT
ASDASDASDPH-M610D123123ASDASDASDPR,Feature Phone,Phone,SPRINT
ASDASDASDPH-M620ZR123ASDASDASDPR,Feature Phone,Phone,SPRINT
ASDASDASDPH-M800PRBASDASDASDPR,Feature Phone,Phone,SPRINT
ASDASDASDPH-M800ZK123ASDASDASDPR,Feature Phone,Phone,SPRINT
ASDASDASDPH-M810H123123ASDASDASDPR,Feature Phone,Phone,SPRINT
ASDASDASDPH-M810ZP123ASDASDASDPR,Feature Phone,Phone,SPRINT
ASDASDASDPH-M820ZK123BASDASDASDT,Other Smartphone,Phone,BOOST MOBILE
ASDASDASDPH-M830ZK123BASDASDASDT,Other Smartphone,Phone,BOOST MOBILE
ASDASDASDPH-M8QWE0MB123VMU,Alpha Ring,Phone,VIRGIN MOBILE
ASDASDASDPH-M8QWE0UW123BASDASDASDT,Alpha Prevail,Phone,BOOST MOBILE
ASDASDASDPH-M850BASDASDASD123ASDASDASDPR,Feature Phone,Phone,SPRINT
ASDASDASDPH-M900ZK123ASDASDASDPR,Other Smartphone,Phone,SPRINT
ASDASDASDPH-M910C123123VMU,Other Smartphone,Phone,VIRGIN MOBILE
ASDASDASDPH-M910ZI123ASDASDASDPR,Other Smartphone,Phone,SPRINT
ASDASDASDPH-M910ZK123ASDASDASDPR,Other Smartphone,Phone,SPRINT
ASDASDASDPH-M920ZK123ASDASDASDPR,Other Smartphone,Phone,SPRINT
ASDASDASDPH-M930ZK123BASDASDASDT,Other Smartphone,Phone,BOOST MOBILE
ASDASDASDPH-M930ZK123ASDASDASDPR,Other Smartphone,Phone,SPRINT
ASDASDASDPH-M950D123123VMU,Alpha Reverb,Phone,VIRGIN MOBILE
ASDASDASDPH-P100ZK123ASDASDASDPR,Alpha Tablet,Tablet,SPRINT
ASDASDASDPH-P500TASDASDASD123ASDASDASDPR,Alpha Tablet 2 10.1,Tablet,SPRINT
ASDASDASDWC-iQWE00ZK123VZW,Other Smartphone,Phone,VERIZON
ASDASDASDWC-I500RK123UASDASDASDC,Other Smartphone,Phone,US CELLULAR
ASDASDASDWC-I500RK123VZW,Other Smartphone,Phone,VERIZON
ASDASDASDWC-I500RK123X123R,Other Smartphone,Phone,Other
ASDASDASDWC-I510R123123VZW,Other Smartphone,Phone,VERIZON
ASDASDASDWC-RASD60IB123UASDASDASDC,Alpha S II ,Phone,US CELLULAR
ASDASDASDWG-I9020FASDASDASDTMB,Other Smartphone,Phone,T-MOBILE
ASDASDASDWG-P1010CWX123R,Alpha Tablet,Tablet,Other
